[{"tipo":"Administra\u00e7\u00e3o","cantidade":0.23125843129697},{"tipo":"Administra\u00e7\u00e3o P\u00fablica","cantidade":0.1349007515899},{"tipo":"Alimentos e Nutri\u00e7\u00e3o","cantidade":0.1349007515899},{"tipo":"Ambiente e Sociedade","cantidade":0.1349007515899},{"tipo":"Antropologia Social","cantidade":0.55887454230102},{"tipo":"\u00c1rea Interdisciplinar de Planejamento de Sistemas Energ\u00e9ticos","cantidade":0.71304682983234},{"tipo":"Arquitetura e Urbanismo","cantidade":0.53960300635961},{"tipo":"Arquitetura, Tecnologia e Cidade","cantidade":0.096357679707073},{"tipo":"Artes C\u00eanicas","cantidade":0.36615918288688},{"tipo":"Artes da Cena","cantidade":0.019271535941415},{"tipo":"Artes Visuais","cantidade":0.59741761418385},{"tipo":"Bioci\u00eancias e Tecnologia de Produtos Bioativos","cantidade":0.077086143765658},{"tipo":"Bioenergia","cantidade":0.038543071882829},{"tipo":"Biologia Animal","cantidade":0.75158990171517},{"tipo":"Biologia Buco-Dental","cantidade":0.50105993447678},{"tipo":"Biologia Celular e Estrutural","cantidade":0.67450375794951},{"tipo":"Biologia Funcional e Molecular","cantidade":0.96357679707073},{"tipo":"Biologia Vegetal","cantidade":0.52033147041819},{"tipo":"Ci\u00eancia da Computa\u00e7\u00e3o","cantidade":1.6766236269031},{"tipo":"Ci\u00eancia de Alimentos","cantidade":0.69377529389092},{"tipo":"Ci\u00eancia Pol\u00edtica","cantidade":0.36615918288688},{"tipo":"Ci\u00eancias Biol\u00f3gicas","cantidade":1.0021198689536},{"tipo":"Ci\u00eancias da Cirurgia","cantidade":0.36615918288688},{"tipo":"Ci\u00eancias da Nutri\u00e7\u00e3o e do Esporte e Metabolismo","cantidade":0.17344382347273},{"tipo":"Ci\u00eancias do Esporte","cantidade":0.19271535941415},{"tipo":"Ci\u00eancias e Engenharia de Petr\u00f3leo","cantidade":0.46251686259395},{"tipo":"Ci\u00eancias Econ\u00f4micas","cantidade":1.2333783002505},{"tipo":"Ci\u00eancias Farmac\u00eauticas","cantidade":0.019271535941415},{"tipo":"Ci\u00eancias Humanas e Sociais Aplicadas","cantidade":0.019271535941415},{"tipo":"Ci\u00eancias M\u00e9dicas","cantidade":1.1755636924263},{"tipo":"Ci\u00eancias Sociais","cantidade":2.6209288880324},{"tipo":"Cl\u00ednica M\u00e9dica","cantidade":0.90576218924648},{"tipo":"Cl\u00ednica Odontol\u00f3gica","cantidade":1.1562921564849},{"tipo":"Comunica\u00e7\u00e3o Social - Midialogia","cantidade":0.23125843129697},{"tipo":"Curso Superior de Tecnologia da Constru\u00e7\u00e3o Civil","cantidade":0.75158990171517},{"tipo":"Curso Superior de Tecnologia da Constru\u00e7\u00e3o Civil - Edif\u00edcios","cantidade":0.019271535941415},{"tipo":"Curso Superior de Tecnologia da Constru\u00e7\u00e3o Civil - Obras de Solos","cantidade":0.019271535941415},{"tipo":"Curso Superior de Tecnologia em An\u00e1lise e Desenvolvimento de Sistemas","cantidade":1.0406629408364},{"tipo":"Curso Superior de Tecnologia em Constru\u00e7\u00e3o de Edif\u00edcios","cantidade":0.25052996723839},{"tipo":"Curso Superior de Tecnologia em Estradas","cantidade":0.096357679707073},{"tipo":"Curso Superior de Tecnologia em Saneamento Ambiental","cantidade":1.2333783002505},{"tipo":"Curso Superior de Tecnologia em Sistemas de Telecomunica\u00e7\u00f5es","cantidade":0.30834457506263},{"tipo":"Curso Superior de Tecnologia Sanit\u00e1ria","cantidade":0.38543071882829},{"tipo":"Dan\u00e7a","cantidade":0.52033147041819},{"tipo":"Demografia","cantidade":0.096357679707073},{"tipo":"Desenvolvimento Econ\u00f4mico","cantidade":0.96357679707073},{"tipo":"Divulga\u00e7\u00e3o Cient\u00edfica e Cultural","cantidade":0.1349007515899},{"tipo":"Doutorado em Artes","cantidade":0.17344382347273},{"tipo":"Ecologia","cantidade":0.28907303912122},{"tipo":"Economia","cantidade":0.53960300635961},{"tipo":"Educa\u00e7\u00e3o","cantidade":2.7365581036809},{"tipo":"Educa\u00e7\u00e3o F\u00edsica","cantidade":2.7558296396223},{"tipo":"Enfermagem","cantidade":0.86721911736365},{"tipo":"Engenharia Agr\u00edcola","cantidade":1.8886105222586},{"tipo":"Engenharia Ambiental","cantidade":0.096357679707073},{"tipo":"Engenharia Civil","cantidade":2.3896704567354},{"tipo":"Engenharia de Alimentos","cantidade":2.8907303912122},{"tipo":"Engenharia de Computa\u00e7\u00e3o","cantidade":1.0406629408364},{"tipo":"Engenharia de Controle e Automa\u00e7\u00e3o","cantidade":0.80940450953941},{"tipo":"Engenharia de Manufatura","cantidade":0.42397379071112},{"tipo":"Engenharia de Petr\u00f3leo","cantidade":0.019271535941415},{"tipo":"Engenharia de Produ\u00e7\u00e3o","cantidade":0.2698015031798},{"tipo":"Engenharia de Produ\u00e7\u00e3o e de Manufatura","cantidade":0.019271535941415},{"tipo":"Engenharia de Telecomunica\u00e7\u00f5es","cantidade":0.057814607824244},{"tipo":"Engenharia El\u00e9trica","cantidade":5.299672383889},{"tipo":"Engenharia F\u00edsica","cantidade":0.096357679707073},{"tipo":"Engenharia Mec\u00e2nica","cantidade":3.2376180381576},{"tipo":"Engenharia Qu\u00edmica","cantidade":4.1241086914627},{"tipo":"Ensino e Hist\u00f3ria de Ci\u00eancias da Terra","cantidade":0.2698015031798},{"tipo":"Estat\u00edstica","cantidade":0.75158990171517},{"tipo":"Estomatopatologia","cantidade":0.1349007515899},{"tipo":"Estudos Liter\u00e1rios","cantidade":0.38543071882829},{"tipo":"Farm\u00e1cia","cantidade":0.44324532665253},{"tipo":"Farmacologia","cantidade":0.48178839853536},{"tipo":"Filosofia","cantidade":1.8693389863172},{"tipo":"F\u00edsica","cantidade":2.1005974176142},{"tipo":"Fisiopatologia M\u00e9dica","cantidade":0.38543071882829},{"tipo":"Fonoaudiologia","cantidade":0.42397379071112},{"tipo":"Gen\u00e9tica e Biologia Molecular","cantidade":1.7151666987859},{"tipo":"Geoci\u00eancias","cantidade":0.53960300635961},{"tipo":"Geografia","cantidade":1.6188090190788},{"tipo":"Geologia","cantidade":0.77086143765658},{"tipo":"Gerontologia","cantidade":0.40470225476971},{"tipo":"Gest\u00e3o de Com\u00e9rcio Internacional","cantidade":0.23125843129697},{"tipo":"Gest\u00e3o de Empresas","cantidade":0.17344382347273},{"tipo":"Gest\u00e3o de Pol\u00edticas P\u00fablicas","cantidade":0.34688764694546},{"tipo":"Gest\u00e3o do Agroneg\u00f3cio","cantidade":0.15417228753132},{"tipo":"Hist\u00f3ria","cantidade":2.0042397379071},{"tipo":"Licenciatura em Ci\u00eancias Biol\u00f3gicas","cantidade":0.73231836577375},{"tipo":"Licenciatura em F\u00edsica","cantidade":0.96357679707073},{"tipo":"Licenciatura em Letras - Portugu\u00eas","cantidade":1.3682790518404},{"tipo":"Licenciatura em Matem\u00e1tica","cantidade":0.86721911736365},{"tipo":"Licenciatura Integrada Qu\u00edmica\/F\u00edsica","cantidade":0.61668915012526},{"tipo":"Lingu\u00edstica","cantidade":2.0235112738485},{"tipo":"Lingu\u00edstica Aplicada","cantidade":0.94430526112931},{"tipo":"L\u00f3gica e Filosofia da Ci\u00eancia","cantidade":0.038543071882829},{"tipo":"Matem\u00e1tica","cantidade":1.5224513393717},{"tipo":"Matem\u00e1tica Aplicada","cantidade":0.77086143765658},{"tipo":"Matem\u00e1tica Aplicada e Computacional","cantidade":0.69377529389092},{"tipo":"Matem\u00e1tica\/F\u00edsica\/Matem\u00e1tica Aplicada e Computacional","cantidade":0.40470225476971},{"tipo":"Materiais Dent\u00e1rios","cantidade":0.21198689535556},{"tipo":"Medicina","cantidade":1.3297359799576},{"tipo":"Mestrado em Artes","cantidade":0.38543071882829},{"tipo":"Mestrado em Hist\u00f3ria Econ\u00f4mica","cantidade":0.077086143765658},{"tipo":"Mestrado em Odont. Legal e Deontologia","cantidade":0.077086143765658},{"tipo":"Mestrado Profissional em Qualidade","cantidade":0.077086143765658},{"tipo":"Multimeios","cantidade":0.77086143765658},{"tipo":"Multiunidades em Ensino de Ci\u00eancias e Matem\u00e1tica","cantidade":0.11562921564849},{"tipo":"M\u00fasica","cantidade":2.2547697051455},{"tipo":"Nutri\u00e7\u00e3o","cantidade":0.1349007515899},{"tipo":"Odontologia","cantidade":1.349007515899},{"tipo":"Pedagogia","cantidade":2.5438427442667},{"tipo":"Pol\u00edtica Cient\u00edfica e Tecnol\u00f3gica","cantidade":0.19271535941415},{"tipo":"Programa de Forma\u00e7\u00e3o Interdisciplinar Superior - ProFIS","cantidade":0.096357679707073},{"tipo":"Qu\u00edmica","cantidade":2.6594719599152},{"tipo":"Qu\u00edmica Tecnol\u00f3gica","cantidade":0.90576218924648},{"tipo":"Radiologia Odontol\u00f3gica","cantidade":0.44324532665253},{"tipo":"Rela\u00e7\u00f5es Internacionais","cantidade":0.019271535941415},{"tipo":"Sa\u00fade Coletiva","cantidade":0.63596068606668},{"tipo":"Sa\u00fade da Crian\u00e7a e do Adolescente","cantidade":0.790132973598},{"tipo":"Sistemas de Informa\u00e7\u00e3o","cantidade":0.11562921564849},{"tipo":"Sociologia","cantidade":0.88649065330507},{"tipo":"Tecnologia","cantidade":0.28907303912122},{"tipo":"Tecnologia de Alimentos","cantidade":0.48178839853536},{"tipo":"Teoria e Hist\u00f3ria Liter\u00e1ria","cantidade":0.9250337251879},{"tipo":"Tocoginecologia","cantidade":0.88649065330507}]