[{"area":"ciencias_humanas","cantidade":10.739504830465},{"area":"ciencias_humanas","cantidade":22.49884393786},{"area":"engenheria","cantidade":29.591441390774},{"area":"ciencias_agrarias","cantidade":5.6428330396311},{"area":"ciencias_biologicas","cantidade":2.3383700148726},{"area":"linguistica_artes","cantidade":14.328921550248},{"area":"ciencias_da_saude","cantidade":8.5136165373127},{"area":"ciencias_sociais","cantidade":6.1739967255321},{"area":"interdisciplinarias","cantidade":0.17247197330434}]