[{"tipo":"Administra\u00e7\u00e3o","cantidade":0.19333729922665},{"tipo":"Administra\u00e7\u00e3o P\u00fablica","cantidade":0.07064247471743},{"tipo":"Alimentos e Nutri\u00e7\u00e3o","cantidade":0.74732302201071},{"tipo":"Ambiente e Sociedade","cantidade":0.078078524687686},{"tipo":"Antropologia Social","cantidade":0.51308744794765},{"tipo":"\u00c1rea Interdisciplinar de Planejamento de Sistemas Energ\u00e9ticos","cantidade":0.48706127305175},{"tipo":"Arquitetura e Urbanismo","cantidade":0.30116002379536},{"tipo":"Arquitetura, Tecnologia e Cidade","cantidade":0.14500297441999},{"tipo":"Artes C\u00eanicas","cantidade":0.23423557406306},{"tipo":"Artes da Cena","cantidade":0.25654372397383},{"tipo":"Artes Visuais","cantidade":0.639500297442},{"tipo":"Bioci\u00eancias e Tecnologia de Produtos Bioativos","cantidade":0.17474717430101},{"tipo":"Bioenergia","cantidade":0.033462224866151},{"tipo":"Biologia Animal","cantidade":0.36808447352766},{"tipo":"Biologia Buco-Dental","cantidade":0.54283164782867},{"tipo":"Biologia Celular e Estrutural","cantidade":0.68039857227841},{"tipo":"Biologia Funcional e Molecular","cantidade":0.9332242712671},{"tipo":"Biologia Vegetal","cantidade":0.88860797144557},{"tipo":"Ci\u00eancia da Computa\u00e7\u00e3o","cantidade":2.6323616894706},{"tipo":"Ci\u00eancia de Alimentos","cantidade":1.0373289708507},{"tipo":"Ci\u00eancia Pol\u00edtica","cantidade":0.37180249851279},{"tipo":"Ci\u00eancias Biol\u00f3gicas","cantidade":1.0113027959548},{"tipo":"Ci\u00eancias da Cirurgia","cantidade":0.72501487209994},{"tipo":"Ci\u00eancias da Nutri\u00e7\u00e3o e do Esporte e Metabolismo","cantidade":0.078078524687686},{"tipo":"Ci\u00eancias da Terra","cantidade":0.0037180249851279},{"tipo":"Ci\u00eancias do Esporte","cantidade":0.11897679952409},{"tipo":"Ci\u00eancias e Engenharia de Petr\u00f3leo","cantidade":0.37180249851279},{"tipo":"Ci\u00eancias Econ\u00f4micas","cantidade":1.5095181439619},{"tipo":"Ci\u00eancias Humanas e Sociais Aplicadas","cantidade":0.033462224866151},{"tipo":"Ci\u00eancias M\u00e9dicas","cantidade":1.2827186198691},{"tipo":"Ci\u00eancias Sociais","cantidade":2.5319750148721},{"tipo":"Cl\u00ednica M\u00e9dica","cantidade":1.338488994646},{"tipo":"Cl\u00ednica Odontol\u00f3gica","cantidade":0.95553242117787},{"tipo":"Comunica\u00e7\u00e3o Social - Midialogia","cantidade":0.35321237358715},{"tipo":"Curso Superior de Tecnologia da Constru\u00e7\u00e3o Civil","cantidade":0.58001189767995},{"tipo":"Curso Superior de Tecnologia da Constru\u00e7\u00e3o Civil - Edif\u00edcios","cantidade":0.022308149910767},{"tipo":"Curso Superior de Tecnologia da Constru\u00e7\u00e3o Civil - Obras de Solos","cantidade":0.040898274836407},{"tipo":"Curso Superior de Tecnologia em An\u00e1lise e Desenvolvimento de Sistemas","cantidade":0.52424152290303},{"tipo":"Curso Superior de Tecnologia em Constru\u00e7\u00e3o de Edif\u00edcios","cantidade":0.28256989886972},{"tipo":"Curso Superior de Tecnologia em Estradas","cantidade":0.0074360499702558},{"tipo":"Curso Superior de Tecnologia em Saneamento Ambiental","cantidade":0.63206424747174},{"tipo":"Curso Superior de Tecnologia em Sistemas de Telecomunica\u00e7\u00f5es","cantidade":0.18961927424152},{"tipo":"Curso Superior de Tecnologia Sanit\u00e1ria","cantidade":0.078078524687686},{"tipo":"Dan\u00e7a","cantidade":0.53539559785842},{"tipo":"Demografia","cantidade":0.24167162403331},{"tipo":"Desenvolvimento Econ\u00f4mico","cantidade":0.7993753718025},{"tipo":"Divulga\u00e7\u00e3o Cient\u00edfica e Cultural","cantidade":0.15615704937537},{"tipo":"Doutorado em Artes","cantidade":0.13756692444973},{"tipo":"Doutorado em Engenharia de Petr\u00f3leo","cantidade":0.029744199881023},{"tipo":"Doutorado em Hist\u00f3ria Econ\u00f4mica","cantidade":0.0037180249851279},{"tipo":"Doutorado em Ortodontia","cantidade":0.033462224866151},{"tipo":"Doutorado em Sa\u00fade Mental","cantidade":0.0074360499702558},{"tipo":"Ecologia","cantidade":0.43129089827484},{"tipo":"Economia","cantidade":0.55770374776919},{"tipo":"Educa\u00e7\u00e3o","cantidade":3.0896787626413},{"tipo":"Educa\u00e7\u00e3o F\u00edsica","cantidade":2.2233789411065},{"tipo":"Enfermagem","cantidade":1.2566924449732},{"tipo":"Engenharia Agr\u00edcola","cantidade":1.8776026174896},{"tipo":"Engenharia Ambiental","cantidade":0.10410469958358},{"tipo":"Engenharia Civil","cantidade":2.6397977394408},{"tipo":"Engenharia de Alimentos","cantidade":2.4576145151695},{"tipo":"Engenharia de Computa\u00e7\u00e3o","cantidade":2.0002974419988},{"tipo":"Engenharia de Controle e Automa\u00e7\u00e3o","cantidade":1.2678465199286},{"tipo":"Engenharia de Manufatura","cantidade":0.21564544913742},{"tipo":"Engenharia de Petr\u00f3leo","cantidade":0.022308149910767},{"tipo":"Engenharia de Produ\u00e7\u00e3o","cantidade":0.28628792385485},{"tipo":"Engenharia de Produ\u00e7\u00e3o e de Manufatura","cantidade":0.029744199881023},{"tipo":"Engenharia de Telecomunica\u00e7\u00f5es","cantidade":0.13756692444973},{"tipo":"Engenharia El\u00e9trica","cantidade":5.3948542534206},{"tipo":"Engenharia F\u00edsica","cantidade":0.029744199881023},{"tipo":"Engenharia Mec\u00e2nica","cantidade":3.48750743605},{"tipo":"Engenharia Qu\u00edmica","cantidade":5.0267697798929},{"tipo":"Ensino e Hist\u00f3ria de Ci\u00eancias da Terra","cantidade":0.15243902439024},{"tipo":"Estat\u00edstica","cantidade":0.7324509220702},{"tipo":"Estomatopatologia","cantidade":0.23423557406306},{"tipo":"Estudos Liter\u00e1rios","cantidade":0.15615704937537},{"tipo":"Farm\u00e1cia","cantidade":0.27513384889946},{"tipo":"Farmacologia","cantidade":0.85514574657942},{"tipo":"Filosofia","cantidade":1.5615704937537},{"tipo":"F\u00edsica","cantidade":2.5468471148126},{"tipo":"Fisiopatologia M\u00e9dica","cantidade":0.66924449732302},{"tipo":"Fonoaudiologia","cantidade":0.31231409875074},{"tipo":"Gen\u00e9tica e Biologia Molecular","cantidade":1.0559190957763},{"tipo":"Geoci\u00eancias","cantidade":0.73616894705532},{"tipo":"Geografia","cantidade":0.89976204640095},{"tipo":"Geologia","cantidade":0.46103509815586},{"tipo":"Gerontologia","cantidade":0.36436644854253},{"tipo":"Gest\u00e3o de Com\u00e9rcio Internacional","cantidade":0.12641284949435},{"tipo":"Gest\u00e3o de Empresas","cantidade":0.14872099940512},{"tipo":"Gest\u00e3o de Pol\u00edticas P\u00fablicas","cantidade":0.13013087447948},{"tipo":"Gest\u00e3o do Agroneg\u00f3cio","cantidade":0.16731112433076},{"tipo":"Hist\u00f3ria","cantidade":1.9110648423557},{"tipo":"Licenciatura em Ci\u00eancias Biol\u00f3gicas","cantidade":0.50565139797739},{"tipo":"Licenciatura em F\u00edsica","cantidade":0.56885782272457},{"tipo":"Licenciatura em Letras - Portugu\u00eas","cantidade":1.0670731707317},{"tipo":"Licenciatura em Matem\u00e1tica","cantidade":0.77706722189173},{"tipo":"Licenciatura Integrada Qu\u00edmica\/F\u00edsica","cantidade":0.47218917311124},{"tipo":"Lingu\u00edstica","cantidade":2.0449137418203},{"tipo":"Lingu\u00edstica Aplicada","cantidade":0.79193932183224},{"tipo":"L\u00f3gica e Filosofia da Ci\u00eancia","cantidade":0.018590124925639},{"tipo":"Matem\u00e1tica","cantidade":1.6954193932183},{"tipo":"Matem\u00e1tica Aplicada","cantidade":0.77706722189173},{"tipo":"Matem\u00e1tica Aplicada e Computacional","cantidade":0.66180844735277},{"tipo":"Matem\u00e1tica\/F\u00edsica\/Matem\u00e1tica Aplicada e Computacional","cantidade":0.20077334919691},{"tipo":"Materiais Dent\u00e1rios","cantidade":0.31603212373587},{"tipo":"Medicina","cantidade":2.0411957168352},{"tipo":"Mestr. em Economia Social e do Trabalho","cantidade":0.052052349791791},{"tipo":"Mestrado em Artes","cantidade":0.34577632361689},{"tipo":"Mestrado em Hist\u00f3ria Econ\u00f4mica","cantidade":0.044616299821535},{"tipo":"Mestrado em Odont. Legal e Deontologia","cantidade":0.052052349791791},{"tipo":"Mestrado em Ortodontia","cantidade":0.029744199881023},{"tipo":"Mestrado em Sa\u00fade Mental","cantidade":0.011154074955384},{"tipo":"Mestrado Profissional em Qualidade","cantidade":0.11897679952409},{"tipo":"Multimeios","cantidade":0.4796252230815},{"tipo":"Multiunidades em Ensino de Ci\u00eancias e Matem\u00e1tica","cantidade":0.20449137418203},{"tipo":"M\u00fasica","cantidade":1.7065734681737},{"tipo":"Nutri\u00e7\u00e3o","cantidade":0.17102914931588},{"tipo":"Odontologia","cantidade":1.6470850684117},{"tipo":"Pedagogia","cantidade":1.9408090422368},{"tipo":"Pol\u00edtica Cient\u00edfica e Tecnol\u00f3gica","cantidade":0.46103509815586},{"tipo":"Programa de Forma\u00e7\u00e3o Interdisciplinar Superior - ProFIS","cantidade":0.17474717430101},{"tipo":"Qu\u00edmica","cantidade":3.1863474122546},{"tipo":"Qu\u00edmica Tecnol\u00f3gica","cantidade":0.26397977394408},{"tipo":"Radiologia Odontol\u00f3gica","cantidade":0.14872099940512},{"tipo":"Rela\u00e7\u00f5es Internacionais","cantidade":0.078078524687686},{"tipo":"Sa\u00fade Coletiva","cantidade":0.83655562165378},{"tipo":"Sa\u00fade da Crian\u00e7a e do Adolescente","cantidade":0.58744794765021},{"tipo":"Sa\u00fade, Interdisciplinaridade e Reabilita\u00e7\u00e3o","cantidade":0.15243902439024},{"tipo":"Sistemas de Informa\u00e7\u00e3o","cantidade":0.052052349791791},{"tipo":"Sociologia","cantidade":0.52424152290303},{"tipo":"Superior de Tecnologia Ambiental","cantidade":0.0037180249851279},{"tipo":"Superior Tecnologia em Saneamento Ambiental","cantidade":0.037180249851279},{"tipo":"Tecnologia","cantidade":0.15243902439024},{"tipo":"Tecnologia de Alimentos","cantidade":0.88860797144557},{"tipo":"Teoria e Hist\u00f3ria Liter\u00e1ria","cantidade":0.9332242712671},{"tipo":"Tocoginecologia","cantidade":0.7993753718025}]