[{"tipo":"Administra\u00e7\u00e3o","cantidade":0.12960082944531},{"tipo":"Alimentos e Nutri\u00e7\u00e3o","cantidade":0.41472265422499},{"tipo":"Ambiente e Sociedade","cantidade":0.025920165889062},{"tipo":"Antropologia Social","cantidade":0.57024364955936},{"tipo":"\u00c1rea Interdisciplinar de Planejamento de Sistemas Energ\u00e9ticos","cantidade":0.51840331778123},{"tipo":"Arquitetura e Urbanismo","cantidade":0.3369621565578},{"tipo":"Arquitetura, Tecnologia e Cidade","cantidade":0.10368066355625},{"tipo":"Artes C\u00eanicas","cantidade":0.36288232244686},{"tipo":"Artes da Cena","cantidade":0.41472265422499},{"tipo":"Artes Visuais","cantidade":0.18144116122343},{"tipo":"Biologia Animal","cantidade":0.20736132711249},{"tipo":"Biologia Buco-Dental","cantidade":0.20736132711249},{"tipo":"Biologia Celular e Estrutural","cantidade":0.46656298600311},{"tipo":"Biologia Funcional e Molecular","cantidade":1.1404872991187},{"tipo":"Biologia Vegetal","cantidade":0.64800414722654},{"tipo":"Ci\u00eancia da Computa\u00e7\u00e3o","cantidade":3.2659409020218},{"tipo":"Ci\u00eancia de Alimentos","cantidade":0.8812856402281},{"tipo":"Ci\u00eancia Pol\u00edtica","cantidade":0.49248315189217},{"tipo":"Ci\u00eancias Biol\u00f3gicas","cantidade":0.8812856402281},{"tipo":"Ci\u00eancias da Cirurgia","cantidade":0.72576464489373},{"tipo":"Ci\u00eancias da Nutri\u00e7\u00e3o e do Esporte e Metabolismo","cantidade":0.20736132711249},{"tipo":"Ci\u00eancias da Terra","cantidade":0.025920165889062},{"tipo":"Ci\u00eancias e Engenharia de Petr\u00f3leo","cantidade":0.57024364955936},{"tipo":"Ci\u00eancias Econ\u00f4micas","cantidade":1.5033696215656},{"tipo":"Ci\u00eancias M\u00e9dicas","cantidade":1.5292897874546},{"tipo":"Ci\u00eancias Sociais","cantidade":1.9699326075687},{"tipo":"Cl\u00ednica M\u00e9dica","cantidade":1.0368066355625},{"tipo":"Cl\u00ednica Odontol\u00f3gica","cantidade":1.7884914463453},{"tipo":"Comunica\u00e7\u00e3o Social - Midialogia","cantidade":0.20736132711249},{"tipo":"Curso de M\u00fasica Popular","cantidade":0.025920165889062},{"tipo":"Curso Superior de Tecnologia da Constru\u00e7\u00e3o Civil","cantidade":0.36288232244686},{"tipo":"Curso Superior de Tecnologia da Constru\u00e7\u00e3o Civil - Edif\u00edcios","cantidade":0.077760497667185},{"tipo":"Curso Superior de Tecnologia em An\u00e1lise e Desenvolvimento de Sistemas","cantidade":0.62208398133748},{"tipo":"Curso Superior de Tecnologia em Constru\u00e7\u00e3o de Edif\u00edcios","cantidade":0.23328149300156},{"tipo":"Curso Superior de Tecnologia em Saneamento Ambiental","cantidade":0.95904613789528},{"tipo":"Curso Superior de Tecnologia em Sistemas de Telecomunica\u00e7\u00f5es","cantidade":0.38880248833593},{"tipo":"Curso Superior de Tecnologia Sanit\u00e1ria","cantidade":0.25920165889062},{"tipo":"Dan\u00e7a","cantidade":0.46656298600311},{"tipo":"Demografia","cantidade":0.15552099533437},{"tipo":"Desenvolvimento Econ\u00f4mico","cantidade":0.72576464489373},{"tipo":"Divulga\u00e7\u00e3o Cient\u00edfica e Cultural","cantidade":0.12960082944531},{"tipo":"Doutor.em Economia Social e do Trabalho","cantidade":0.025920165889062},{"tipo":"Doutorado em Artes","cantidade":0.12960082944531},{"tipo":"Ecologia","cantidade":0.10368066355625},{"tipo":"Economia","cantidade":0.20736132711249},{"tipo":"Educa\u00e7\u00e3o","cantidade":3.1104199066874},{"tipo":"Educa\u00e7\u00e3o F\u00edsica","cantidade":2.3846552617937},{"tipo":"Enfermagem","cantidade":0.69984447900467},{"tipo":"Engenharia Agr\u00edcola","cantidade":1.9440124416796},{"tipo":"Engenharia Ambiental","cantidade":0.23328149300156},{"tipo":"Engenharia Civil","cantidade":2.540176257128},{"tipo":"Engenharia de Alimentos","cantidade":2.1772939346812},{"tipo":"Engenharia de Computa\u00e7\u00e3o","cantidade":2.3068947641265},{"tipo":"Engenharia de Controle e Automa\u00e7\u00e3o","cantidade":2.1513737687921},{"tipo":"Engenharia de Manufatura","cantidade":0.15552099533437},{"tipo":"Engenharia de Produ\u00e7\u00e3o","cantidade":0.82944530844997},{"tipo":"Engenharia de Telecomunica\u00e7\u00f5es","cantidade":0.12960082944531},{"tipo":"Engenharia El\u00e9trica","cantidade":6.739243131156},{"tipo":"Engenharia Mec\u00e2nica","cantidade":3.6029030585796},{"tipo":"Engenharia Qu\u00edmica","cantidade":4.1731467081389},{"tipo":"Estat\u00edstica","cantidade":1.244167962675},{"tipo":"Estomatopatologia","cantidade":0.77760497667185},{"tipo":"Estudos Liter\u00e1rios","cantidade":0.077760497667185},{"tipo":"Farm\u00e1cia","cantidade":0.18144116122343},{"tipo":"Farmacologia","cantidade":0.62208398133748},{"tipo":"Filosofia","cantidade":1.7625712804562},{"tipo":"F\u00edsica","cantidade":2.7734577501296},{"tipo":"Fisiopatologia M\u00e9dica","cantidade":0.41472265422499},{"tipo":"Fonoaudiologia","cantidade":0.10368066355625},{"tipo":"Gen\u00e9tica e Biologia Molecular","cantidade":1.0886469673406},{"tipo":"Geoci\u00eancias","cantidade":0.38880248833593},{"tipo":"Geografia","cantidade":0.95904613789528},{"tipo":"Geologia","cantidade":0.23328149300156},{"tipo":"Gerontologia","cantidade":0.23328149300156},{"tipo":"Gest\u00e3o de Empresas","cantidade":0.25920165889062},{"tipo":"Gest\u00e3o de Pol\u00edticas P\u00fablicas","cantidade":0.025920165889062},{"tipo":"Hist\u00f3ria","cantidade":1.5552099533437},{"tipo":"Licenciatura em Ci\u00eancias Biol\u00f3gicas","cantidade":0.44064282011405},{"tipo":"Licenciatura em F\u00edsica","cantidade":0.49248315189217},{"tipo":"Licenciatura em Letras - Portugu\u00eas","cantidade":0.98496630378434},{"tipo":"Licenciatura em Matem\u00e1tica","cantidade":0.46656298600311},{"tipo":"Licenciatura Integrada Qu\u00edmica\/F\u00edsica","cantidade":0.10368066355625},{"tipo":"Lingu\u00edstica","cantidade":2.4364955935718},{"tipo":"Lingu\u00edstica Aplicada","cantidade":0.82944530844997},{"tipo":"Matem\u00e1tica","cantidade":2.2809745982374},{"tipo":"Matem\u00e1tica Aplicada","cantidade":0.95904613789528},{"tipo":"Matem\u00e1tica Aplicada e Computacional","cantidade":0.38880248833593},{"tipo":"Matem\u00e1tica\/F\u00edsica\/Matem\u00e1tica Aplicada e Computacional","cantidade":0.51840331778123},{"tipo":"Materiais Dent\u00e1rios","cantidade":0.62208398133748},{"tipo":"Medicina","cantidade":2.928978745464},{"tipo":"Mestr. em Economia Social e do Trabalho","cantidade":0.025920165889062},{"tipo":"Mestrado em Artes","cantidade":0.36288232244686},{"tipo":"Mestrado em Odont. Legal e Deontologia","cantidade":0.077760497667185},{"tipo":"Multimeios","cantidade":0.62208398133748},{"tipo":"Multiunidades em Ensino de Ci\u00eancias e Matem\u00e1tica","cantidade":0.20736132711249},{"tipo":"M\u00fasica","cantidade":1.7884914463453},{"tipo":"Nutri\u00e7\u00e3o","cantidade":0.25920165889062},{"tipo":"Odontologia","cantidade":1.684810782789},{"tipo":"Pedagogia","cantidade":0.64800414722654},{"tipo":"Pol\u00edtica Cient\u00edfica e Tecnol\u00f3gica","cantidade":0.46656298600311},{"tipo":"Programa de Forma\u00e7\u00e3o Interdisciplinar Superior - ProFIS","cantidade":0.10368066355625},{"tipo":"Qu\u00edmica","cantidade":3.2141005702436},{"tipo":"Qu\u00edmica Tecnol\u00f3gica","cantidade":0.28512182477968},{"tipo":"Radiologia Odontol\u00f3gica","cantidade":0.59616381544842},{"tipo":"Rela\u00e7\u00f5es Internacionais","cantidade":0.20736132711249},{"tipo":"Sa\u00fade Coletiva","cantidade":0.95904613789528},{"tipo":"Sa\u00fade da Crian\u00e7a e do Adolescente","cantidade":0.38880248833593},{"tipo":"Sa\u00fade, Interdisciplinaridade e Reabilita\u00e7\u00e3o","cantidade":0.025920165889062},{"tipo":"Sociologia","cantidade":0.41472265422499},{"tipo":"Superior Tecnologia em Saneamento Ambiental","cantidade":0.051840331778123},{"tipo":"Tecnologia","cantidade":0.3369621565578},{"tipo":"Tecnologia de Alimentos","cantidade":0.6739243131156},{"tipo":"Teoria e Hist\u00f3ria Liter\u00e1ria","cantidade":0.95904613789528},{"tipo":"Tocoginecologia","cantidade":0.62208398133748}]