[{"tipo":"Administra\u00e7\u00e3o","cantidade":0.12783636944711},{"tipo":"Administra\u00e7\u00e3o P\u00fablica","cantidade":0.063918184723554},{"tipo":"Alimentos e Nutri\u00e7\u00e3o","cantidade":0.58591669329924},{"tipo":"Ambiente e Sociedade","cantidade":0.34089698519229},{"tipo":"Antropologia Social","cantidade":0.8842015553425},{"tipo":"\u00c1rea Interdisciplinar de Planejamento de Sistemas Energ\u00e9ticos","cantidade":0.76701821668265},{"tipo":"Arquitetura e Urbanismo","cantidade":0.31959092361777},{"tipo":"Arquitetura, Tecnologia e Cidade","cantidade":0.095877277085331},{"tipo":"Artes C\u00eanicas","cantidade":0.35155001597955},{"tipo":"Artes da Cena","cantidade":0.34089698519229},{"tipo":"Artes Visuais","cantidade":0.78832427825716},{"tipo":"Bioci\u00eancias e Tecnologia de Produtos Bioativos","cantidade":0.063918184723554},{"tipo":"Bioenergia","cantidade":0.042612123149036},{"tipo":"Biologia Animal","cantidade":0.55395760093747},{"tipo":"Biologia Buco-Dental","cantidade":0.76701821668265},{"tipo":"Biologia Celular e Estrutural","cantidade":0.4154682007031},{"tipo":"Biologia Funcional e Molecular","cantidade":0.95877277085331},{"tipo":"Biologia Vegetal","cantidade":0.73505912432087},{"tipo":"Ci\u00eancia da Computa\u00e7\u00e3o","cantidade":2.1519122190263},{"tipo":"Ci\u00eancia de Alimentos","cantidade":0.73505912432087},{"tipo":"Ci\u00eancia Pol\u00edtica","cantidade":0.50069244700117},{"tipo":"Ci\u00eancias Biol\u00f3gicas","cantidade":0.93746670927879},{"tipo":"Ci\u00eancias da Cirurgia","cantidade":0.68179397038457},{"tipo":"Ci\u00eancias da Nutri\u00e7\u00e3o e do Esporte e Metabolismo","cantidade":0.095877277085331},{"tipo":"Ci\u00eancias da Terra","cantidade":0.021306061574518},{"tipo":"Ci\u00eancias do Esporte","cantidade":0.14914243102163},{"tipo":"Ci\u00eancias e Engenharia de Petr\u00f3leo","cantidade":0.66048790881006},{"tipo":"Ci\u00eancias Econ\u00f4micas","cantidade":1.5127303717908},{"tipo":"Ci\u00eancias Humanas e Sociais Aplicadas","cantidade":0.063918184723554},{"tipo":"Ci\u00eancias M\u00e9dicas","cantidade":1.150527325024},{"tipo":"Ci\u00eancias Sociais","cantidade":2.5567273889422},{"tipo":"Cl\u00ednica M\u00e9dica","cantidade":1.0546500479386},{"tipo":"Cl\u00ednica Odontol\u00f3gica","cantidade":1.4488121870672},{"tipo":"Comunica\u00e7\u00e3o Social - Midialogia","cantidade":0.27697880046873},{"tipo":"Curso Superior de Tecnologia da Constru\u00e7\u00e3o Civil","cantidade":0.46873335463939},{"tipo":"Curso Superior de Tecnologia da Constru\u00e7\u00e3o Civil - Edif\u00edcios","cantidade":0.095877277085331},{"tipo":"Curso Superior de Tecnologia da Constru\u00e7\u00e3o Civil - Obras de Solos","cantidade":0.010653030787259},{"tipo":"Curso Superior de Tecnologia em An\u00e1lise e Desenvolvimento de Sistemas","cantidade":0.99073186321508},{"tipo":"Curso Superior de Tecnologia em Constru\u00e7\u00e3o de Edif\u00edcios","cantidade":0.13848940023437},{"tipo":"Curso Superior de Tecnologia em Saneamento Ambiental","cantidade":0.76701821668265},{"tipo":"Curso Superior de Tecnologia em Sistemas de Telecomunica\u00e7\u00f5es","cantidade":0.27697880046873},{"tipo":"Curso Superior de Tecnologia Sanit\u00e1ria","cantidade":0.11718333865985},{"tipo":"Dan\u00e7a","cantidade":0.54330457015021},{"tipo":"Demografia","cantidade":0.39416213912858},{"tipo":"Desenvolvimento Econ\u00f4mico","cantidade":0.95877277085331},{"tipo":"Divulga\u00e7\u00e3o Cient\u00edfica e Cultural","cantidade":0.24501970810696},{"tipo":"Doutorado em Artes","cantidade":0.095877277085331},{"tipo":"Doutorado em Gerontologia","cantidade":0.042612123149036},{"tipo":"Doutorado em Sa\u00fade Mental","cantidade":0.010653030787259},{"tipo":"Ecologia","cantidade":0.94811974006605},{"tipo":"Economia","cantidade":1.6299137104506},{"tipo":"Educa\u00e7\u00e3o","cantidade":2.1945243421753},{"tipo":"Educa\u00e7\u00e3o F\u00edsica","cantidade":2.4821561734313},{"tipo":"Enfermagem","cantidade":0.75636518589539},{"tipo":"Engenharia Agr\u00edcola","cantidade":1.5127303717908},{"tipo":"Engenharia Ambiental","cantidade":0.10653030787259},{"tipo":"Engenharia Civil","cantidade":1.8323212954085},{"tipo":"Engenharia de Alimentos","cantidade":2.716522850751},{"tipo":"Engenharia de Computa\u00e7\u00e3o","cantidade":1.8962394801321},{"tipo":"Engenharia de Controle e Automa\u00e7\u00e3o","cantidade":0.86289549376798},{"tipo":"Engenharia de Manufatura","cantidade":0.11718333865985},{"tipo":"Engenharia de Petr\u00f3leo","cantidade":0.074571215510813},{"tipo":"Engenharia de Produ\u00e7\u00e3o","cantidade":0.28763183125599},{"tipo":"Engenharia de Produ\u00e7\u00e3o e de Manufatura","cantidade":0.021306061574518},{"tipo":"Engenharia de Telecomunica\u00e7\u00f5es","cantidade":0.063918184723554},{"tipo":"Engenharia El\u00e9trica","cantidade":4.2718653456908},{"tipo":"Engenharia F\u00edsica","cantidade":0.085224246298072},{"tipo":"Engenharia Mec\u00e2nica","cantidade":2.7591349739001},{"tipo":"Engenharia Qu\u00edmica","cantidade":3.6433365292426},{"tipo":"Ensino e Hist\u00f3ria de Ci\u00eancias da Terra","cantidade":0.34089698519229},{"tipo":"Estat\u00edstica","cantidade":1.150527325024},{"tipo":"Estomatopatologia","cantidade":0.44742729306488},{"tipo":"Estudos Liter\u00e1rios","cantidade":0.26632576968147},{"tipo":"Farm\u00e1cia","cantidade":0.39416213912858},{"tipo":"Farmacologia","cantidade":0.53265153936295},{"tipo":"Filosofia","cantidade":1.7897091722595},{"tipo":"F\u00edsica","cantidade":3.53680622137},{"tipo":"Fisiopatologia M\u00e9dica","cantidade":0.70310003195909},{"tipo":"Fonoaudiologia","cantidade":0.19175455417066},{"tipo":"Gen\u00e9tica e Biologia Molecular","cantidade":0.82028337061894},{"tipo":"Geoci\u00eancias","cantidade":0.98007883242783},{"tipo":"Geografia","cantidade":1.3422818791946},{"tipo":"Geologia","cantidade":0.37285607755406},{"tipo":"Gerontologia","cantidade":0.085224246298072},{"tipo":"Gest\u00e3o de Com\u00e9rcio Internacional","cantidade":0.1811015233834},{"tipo":"Gest\u00e3o de Empresas","cantidade":0.12783636944711},{"tipo":"Gest\u00e3o de Pol\u00edticas P\u00fablicas","cantidade":0.21306061574518},{"tipo":"Gest\u00e3o do Agroneg\u00f3cio","cantidade":0.11718333865985},{"tipo":"Hist\u00f3ria","cantidade":2.09864706509},{"tipo":"Licenciatura em Ci\u00eancias Biol\u00f3gicas","cantidade":0.74571215510813},{"tipo":"Licenciatura em F\u00edsica","cantidade":0.69244700117183},{"tipo":"Licenciatura em Letras - Portugu\u00eas","cantidade":0.52199850857569},{"tipo":"Licenciatura em Matem\u00e1tica","cantidade":0.60722275487376},{"tipo":"Licenciatura Integrada Qu\u00edmica\/F\u00edsica","cantidade":0.31959092361777},{"tipo":"Lingu\u00edstica","cantidade":1.1611803558112},{"tipo":"Lingu\u00edstica Aplicada","cantidade":0.92681367849153},{"tipo":"L\u00f3gica e Filosofia da Ci\u00eancia","cantidade":0.10653030787259},{"tipo":"Matem\u00e1tica","cantidade":1.811015233834},{"tipo":"Matem\u00e1tica Aplicada","cantidade":1.0653030787259},{"tipo":"Matem\u00e1tica Aplicada e Computacional","cantidade":0.84158943219346},{"tipo":"Matem\u00e1tica\/F\u00edsica\/Matem\u00e1tica Aplicada e Computacional","cantidade":0.46873335463939},{"tipo":"Materiais Dent\u00e1rios","cantidade":0.31959092361777},{"tipo":"Medicina","cantidade":1.1718333865985},{"tipo":"Mestr. em Economia Social e do Trabalho","cantidade":0.11718333865985},{"tipo":"Mestr. em Geoengenharia de Reservat\u00f3rios","cantidade":0.021306061574518},{"tipo":"Mestrado em Artes","cantidade":0.40481516991584},{"tipo":"Mestrado em Hist\u00f3ria Econ\u00f4mica","cantidade":0.2343666773197},{"tipo":"Mestrado em Odont. Legal e Deontologia","cantidade":0.042612123149036},{"tipo":"Mestrado em Ortodontia","cantidade":0.063918184723554},{"tipo":"Mestrado em Sa\u00fade Mental","cantidade":0.021306061574518},{"tipo":"Mestrado Profissional em Qualidade","cantidade":0.074571215510813},{"tipo":"Multimeios","cantidade":0.8309364014062},{"tipo":"Multiunidades em Ensino de Ci\u00eancias e Matem\u00e1tica","cantidade":0.1811015233834},{"tipo":"M\u00fasica","cantidade":1.4701182486417},{"tipo":"Nutri\u00e7\u00e3o","cantidade":0.2343666773197},{"tipo":"Odontologia","cantidade":1.3316288484074},{"tipo":"Pedagogia","cantidade":2.056034941941},{"tipo":"Pol\u00edtica Cient\u00edfica e Tecnol\u00f3gica","cantidade":0.70310003195909},{"tipo":"Programa de Forma\u00e7\u00e3o Interdisciplinar Superior - ProFIS","cantidade":0.042612123149036},{"tipo":"Qu\u00edmica","cantidade":2.8976243741344},{"tipo":"Qu\u00edmica Tecnol\u00f3gica","cantidade":0.66048790881006},{"tipo":"Radiologia Odontol\u00f3gica","cantidade":0.51134547778843},{"tipo":"Rela\u00e7\u00f5es Internacionais","cantidade":0.085224246298072},{"tipo":"Sa\u00fade Coletiva","cantidade":0.80963033983168},{"tipo":"Sa\u00fade da Crian\u00e7a e do Adolescente","cantidade":1.0226909555769},{"tipo":"Sa\u00fade, Interdisciplinaridade e Reabilita\u00e7\u00e3o","cantidade":0.063918184723554},{"tipo":"Sistemas de Informa\u00e7\u00e3o","cantidade":0.042612123149036},{"tipo":"Sociologia","cantidade":0.74571215510813},{"tipo":"Superior de Tecnologia Ambiental","cantidade":0.053265153936295},{"tipo":"Superior Tecnologia em Saneamento Ambiental","cantidade":0.021306061574518},{"tipo":"Tecnologia","cantidade":0.22371364653244},{"tipo":"Tecnologia de Alimentos","cantidade":1.0759561095132},{"tipo":"Teoria e Hist\u00f3ria Liter\u00e1ria","cantidade":1.0439970171514},{"tipo":"Tocoginecologia","cantidade":0.84158943219346}]