[{"tipo":"Alimentos e Nutri\u00e7\u00e3o","cantidade":0.86206896551724},{"tipo":"Artes Visuais","cantidade":5.1724137931034},{"tipo":"Ci\u00eancia Pol\u00edtica","cantidade":9.4827586206897},{"tipo":"Comunica\u00e7\u00e3o Social - Midialogia","cantidade":3.448275862069},{"tipo":"Ecologia","cantidade":5.1724137931034},{"tipo":"Enfermagem","cantidade":2.5862068965517},{"tipo":"Engenharia Ambiental","cantidade":2.5862068965517},{"tipo":"Engenharia El\u00e9trica","cantidade":7.7586206896552},{"tipo":"Engenharia Mec\u00e2nica","cantidade":3.448275862069},{"tipo":"Engenharia Qu\u00edmica","cantidade":2.5862068965517},{"tipo":"Filosofia","cantidade":4.3103448275862},{"tipo":"F\u00edsica","cantidade":12.068965517241},{"tipo":"Geoci\u00eancias","cantidade":5.1724137931034},{"tipo":"Gerontologia","cantidade":3.448275862069},{"tipo":"Hist\u00f3ria","cantidade":3.448275862069},{"tipo":"L\u00f3gica e Filosofia da Ci\u00eancia","cantidade":1.7241379310345},{"tipo":"Matem\u00e1tica","cantidade":5.1724137931034},{"tipo":"Matem\u00e1tica\/F\u00edsica\/Matem\u00e1tica Aplicada e Computacional","cantidade":0.86206896551724},{"tipo":"Medicina","cantidade":10.344827586207},{"tipo":"Odontologia","cantidade":0.86206896551724},{"tipo":"Pedagogia","cantidade":3.448275862069},{"tipo":"Qu\u00edmica","cantidade":4.3103448275862},{"tipo":"Rela\u00e7\u00f5es Internacionais","cantidade":1.7241379310345}]