[{"tipo":"Administra\u00e7\u00e3o","cantidade":0.043610989969472},{"tipo":"Administra\u00e7\u00e3o P\u00fablica","cantidade":0.10902747492368},{"tipo":"Alimentos e Nutri\u00e7\u00e3o","cantidade":0.93763628434365},{"tipo":"Ambiente e Sociedade","cantidade":0.17444395987789},{"tipo":"Antropologia Social","cantidade":0.61055385957261},{"tipo":"\u00c1rea Interdisciplinar de Planejamento de Sistemas Energ\u00e9ticos","cantidade":0.65416484954208},{"tipo":"Arquitetura e Urbanismo","cantidade":0.39249890972525},{"tipo":"Artes C\u00eanicas","cantidade":0.28347143480157},{"tipo":"Artes da Cena","cantidade":0.65416484954208},{"tipo":"Artes Visuais","cantidade":0.43610989969472},{"tipo":"Bioci\u00eancias e Tecnologia de Produtos Bioativos","cantidade":0.10902747492368},{"tipo":"Biologia Animal","cantidade":0.13083296990842},{"tipo":"Biologia Buco-Dental","cantidade":0.39249890972525},{"tipo":"Biologia Celular e Estrutural","cantidade":1.4173571740078},{"tipo":"Biologia Funcional e Molecular","cantidade":0.32708242477104},{"tipo":"Biologia Vegetal","cantidade":1.5481901439163},{"tipo":"Ci\u00eancia da Computa\u00e7\u00e3o","cantidade":2.311382468382},{"tipo":"Ci\u00eancia de Alimentos","cantidade":2.2241604884431},{"tipo":"Ci\u00eancia Pol\u00edtica","cantidade":0.28347143480157},{"tipo":"Ci\u00eancias Biol\u00f3gicas","cantidade":0.89402529437418},{"tipo":"Ci\u00eancias da Cirurgia","cantidade":0.87221979938945},{"tipo":"Ci\u00eancias da Nutri\u00e7\u00e3o e do Esporte e Metabolismo","cantidade":0.065416484954208},{"tipo":"Ci\u00eancias do Esporte","cantidade":0.17444395987789},{"tipo":"Ci\u00eancias e Engenharia de Petr\u00f3leo","cantidade":1.0030527692979},{"tipo":"Ci\u00eancias Econ\u00f4micas","cantidade":0.89402529437418},{"tipo":"Ci\u00eancias Farmac\u00eauticas","cantidade":0.021805494984736},{"tipo":"Ci\u00eancias Humanas e Sociais Aplicadas","cantidade":0.065416484954208},{"tipo":"Ci\u00eancias M\u00e9dicas","cantidade":1.1120802442215},{"tipo":"Ci\u00eancias Sociais","cantidade":3.1181857828173},{"tipo":"Cl\u00ednica M\u00e9dica","cantidade":0.52333187963367},{"tipo":"Cl\u00ednica Odontol\u00f3gica","cantidade":1.155691234191},{"tipo":"Curso de M\u00fasica Popular","cantidade":0.065416484954208},{"tipo":"Curso Superior de Tecnologia da Constru\u00e7\u00e3o Civil","cantidade":0.15263846489315},{"tipo":"Curso Superior de Tecnologia em An\u00e1lise e Desenvolvimento de Sistemas","cantidade":0.26166593981683},{"tipo":"Curso Superior de Tecnologia em Saneamento Ambiental","cantidade":0.5451373746184},{"tipo":"Curso Superior de Tecnologia em Sistemas de Telecomunica\u00e7\u00f5es","cantidade":0.087221979938945},{"tipo":"Curso Superior de Tecnologia Sanit\u00e1ria","cantidade":0.021805494984736},{"tipo":"Dan\u00e7a","cantidade":0.43610989969472},{"tipo":"Demografia","cantidade":0.32708242477104},{"tipo":"Desenvolvimento Econ\u00f4mico","cantidade":1.2865242040994},{"tipo":"Divulga\u00e7\u00e3o Cient\u00edfica e Cultural","cantidade":0.13083296990842},{"tipo":"Doutorado em Artes","cantidade":0.34888791975578},{"tipo":"Doutorado em Ortodontia","cantidade":0.087221979938945},{"tipo":"Doutorado em Sa\u00fade Mental","cantidade":0.021805494984736},{"tipo":"Ecologia","cantidade":1.4391626689926},{"tipo":"Economia","cantidade":0.93763628434365},{"tipo":"Educa\u00e7\u00e3o","cantidade":4.0558220671609},{"tipo":"Educa\u00e7\u00e3o F\u00edsica","cantidade":1.7444395987789},{"tipo":"Enfermagem","cantidade":0.45791539467946},{"tipo":"Engenharia Agr\u00edcola","cantidade":1.2647187091147},{"tipo":"Engenharia Civil","cantidade":1.7444395987789},{"tipo":"Engenharia de Alimentos","cantidade":3.9467945922372},{"tipo":"Engenharia de Computa\u00e7\u00e3o","cantidade":1.0466637592673},{"tipo":"Engenharia de Controle e Automa\u00e7\u00e3o","cantidade":0.26166593981683},{"tipo":"Engenharia de Manufatura","cantidade":0.17444395987789},{"tipo":"Engenharia de Petr\u00f3leo","cantidade":0.17444395987789},{"tipo":"Engenharia de Produ\u00e7\u00e3o","cantidade":0.26166593981683},{"tipo":"Engenharia de Produ\u00e7\u00e3o e de Manufatura","cantidade":0.065416484954208},{"tipo":"Engenharia El\u00e9trica","cantidade":5.7566506759703},{"tipo":"Engenharia F\u00edsica","cantidade":0.10902747492368},{"tipo":"Engenharia Mec\u00e2nica","cantidade":2.5948539031836},{"tipo":"Engenharia Qu\u00edmica","cantidade":6.0619276057567},{"tipo":"Ensino e Hist\u00f3ria de Ci\u00eancias da Terra","cantidade":0.19624945486263},{"tipo":"Estat\u00edstica","cantidade":0.85041430440471},{"tipo":"Estomatopatologia","cantidade":0.021805494984736},{"tipo":"Estudos Liter\u00e1rios","cantidade":0.21805494984736},{"tipo":"Farmacologia","cantidade":0.93763628434365},{"tipo":"Filosofia","cantidade":1.8752725686873},{"tipo":"F\u00edsica","cantidade":2.1369385085041},{"tipo":"Fisiopatologia M\u00e9dica","cantidade":0.34888791975578},{"tipo":"Fonoaudiologia","cantidade":0.21805494984736},{"tipo":"Gen\u00e9tica e Biologia Molecular","cantidade":1.8098560837331},{"tipo":"Geoci\u00eancias","cantidade":0.87221979938945},{"tipo":"Geografia","cantidade":0.76319232446577},{"tipo":"Geologia","cantidade":0.45791539467946},{"tipo":"Gerontologia","cantidade":0.21805494984736},{"tipo":"Gest\u00e3o de Empresas","cantidade":0.28347143480157},{"tipo":"Gest\u00e3o do Agroneg\u00f3cio","cantidade":0.10902747492368},{"tipo":"Hist\u00f3ria","cantidade":2.5730484081989},{"tipo":"Licenciatura em Ci\u00eancias Biol\u00f3gicas","cantidade":0.50152638464893},{"tipo":"Licenciatura em F\u00edsica","cantidade":0.39249890972525},{"tipo":"Licenciatura em Letras - Portugu\u00eas","cantidade":0.2398604448321},{"tipo":"Licenciatura em Matem\u00e1tica","cantidade":0.37069341474051},{"tipo":"Licenciatura Integrada Qu\u00edmica\/F\u00edsica","cantidade":0.30527692978631},{"tipo":"Lingu\u00edstica","cantidade":1.7880505887484},{"tipo":"Lingu\u00edstica Aplicada","cantidade":1.1120802442215},{"tipo":"L\u00f3gica e Filosofia da Ci\u00eancia","cantidade":0.10902747492368},{"tipo":"Matem\u00e1tica","cantidade":1.0248582642826},{"tipo":"Matem\u00e1tica Aplicada","cantidade":0.45791539467946},{"tipo":"Matem\u00e1tica Aplicada e Computacional","cantidade":0.19624945486263},{"tipo":"Matem\u00e1tica\/F\u00edsica\/Matem\u00e1tica Aplicada e Computacional","cantidade":0.087221979938945},{"tipo":"Materiais Dent\u00e1rios","cantidade":1.1120802442215},{"tipo":"Medicina","cantidade":1.1774967291758},{"tipo":"Mestr. em Economia Social e do Trabalho","cantidade":0.2398604448321},{"tipo":"Mestr. em Geoengenharia de Reservat\u00f3rios","cantidade":0.043610989969472},{"tipo":"Mestrado em Artes","cantidade":0.41430440470999},{"tipo":"Mestrado em Odont. Legal e Deontologia","cantidade":0.17444395987789},{"tipo":"Mestrado em Sa\u00fade Mental","cantidade":0.021805494984736},{"tipo":"Mestrado Profissional em Qualidade","cantidade":0.021805494984736},{"tipo":"Multimeios","cantidade":1.4391626689926},{"tipo":"Multiunidades em Ensino de Ci\u00eancias e Matem\u00e1tica","cantidade":0.087221979938945},{"tipo":"M\u00fasica","cantidade":1.5045791539468},{"tipo":"Nutri\u00e7\u00e3o","cantidade":0.087221979938945},{"tipo":"Odontologia","cantidade":1.3083296990842},{"tipo":"Pedagogia","cantidade":1.4173571740078},{"tipo":"Pol\u00edtica Cient\u00edfica e Tecnol\u00f3gica","cantidade":0.89402529437418},{"tipo":"Qu\u00edmica","cantidade":4.5137374618404},{"tipo":"Qu\u00edmica Tecnol\u00f3gica","cantidade":0.10902747492368},{"tipo":"Radiologia Odontol\u00f3gica","cantidade":0.43610989969472},{"tipo":"Sa\u00fade Coletiva","cantidade":1.0466637592673},{"tipo":"Sa\u00fade da Crian\u00e7a e do Adolescente","cantidade":0.76319232446577},{"tipo":"Sistemas de Informa\u00e7\u00e3o","cantidade":0.10902747492368},{"tipo":"Sociologia","cantidade":0.21805494984736},{"tipo":"Tecnologia de Alimentos","cantidade":2.1805494984736},{"tipo":"Teoria e Hist\u00f3ria Liter\u00e1ria","cantidade":0.87221979938945},{"tipo":"Tocoginecologia","cantidade":0.52333187963367}]