[{"estado":null,"total":3.6838352154885},{"estado":"Acre","total":0.098807321063204},{"estado":"Alagoas","total":1.1050573501927},{"estado":"Amap\u00e1","total":0.089485875679883},{"estado":"Amazonas","total":0.50335805069934},{"estado":"Bahia","total":2.6426297661715},{"estado":"Cear\u00e1","total":1.3385595570449},{"estado":"Distrito Federal","total":0.83473543407641},{"estado":"Esp\u00edrito Santo","total":1.0067161013987},{"estado":"Goi\u00e1s","total":1.7981068144426},{"estado":"Maranh\u00e3o","total":0.52572951961931},{"estado":"Mato Grosso","total":0.59237785411006},{"estado":"Mato Grosso do Sul","total":0.74198705251236},{"estado":"Minas Gerais","total":12.53547975149},{"estado":"Par\u00e1","total":0.98014998205622},{"estado":"Para\u00edba","total":2.4184490047027},{"estado":"Paran\u00e1","total":5.1319217557875},{"estado":"Pernambuco","total":1.0859483871569},{"estado":"Piau\u00ed","total":0.49590089439268},{"estado":"Rio de Janeiro","total":4.3750203906618},{"estado":"Rio Grande do Norte","total":1.1460717098793},{"estado":"Rio Grande do Sul","total":2.1374074263955},{"estado":"Rond\u00f4nia","total":0.22185040012304},{"estado":"Roraima","total":0.054064383223263},{"estado":"Santa Catarina","total":1.2569969099409},{"estado":"S\u00e3o Paulo","total":52.693664679645},{"estado":"Sergipe","total":0.35607921364287},{"estado":"Tocantins","total":0.1496091984023}]