[{"tipo":"Alimentos e Nutri\u00e7\u00e3o","cantidade":0.78534031413613},{"tipo":"Antropologia Social","cantidade":0.26178010471204},{"tipo":"\u00c1rea Interdisciplinar de Planejamento de Sistemas Energ\u00e9ticos","cantidade":0.26178010471204},{"tipo":"Arquitetura, Tecnologia e Cidade","cantidade":0.52356020942408},{"tipo":"Biologia Celular e Estrutural","cantidade":0.52356020942408},{"tipo":"Biologia Vegetal","cantidade":1.3089005235602},{"tipo":"Ci\u00eancia da Computa\u00e7\u00e3o","cantidade":5.2356020942408},{"tipo":"Ci\u00eancia de Alimentos","cantidade":1.0471204188482},{"tipo":"Ci\u00eancia Pol\u00edtica","cantidade":0.52356020942408},{"tipo":"Ci\u00eancias Biol\u00f3gicas","cantidade":0.26178010471204},{"tipo":"Ci\u00eancias da Cirurgia","cantidade":0.91623036649215},{"tipo":"Ci\u00eancias e Engenharia de Petr\u00f3leo","cantidade":1.4397905759162},{"tipo":"Ci\u00eancias Econ\u00f4micas","cantidade":1.4397905759162},{"tipo":"Ci\u00eancias Sociais","cantidade":4.0575916230366},{"tipo":"Cl\u00ednica M\u00e9dica","cantidade":0.39267015706806},{"tipo":"Cl\u00ednica Odontol\u00f3gica","cantidade":1.9633507853403},{"tipo":"Curso Superior de Tecnologia da Constru\u00e7\u00e3o Civil","cantidade":0.13089005235602},{"tipo":"Curso Superior de Tecnologia em An\u00e1lise e Desenvolvimento de Sistemas","cantidade":0.6544502617801},{"tipo":"Curso Superior de Tecnologia em Sistemas de Telecomunica\u00e7\u00f5es","cantidade":0.6544502617801},{"tipo":"Dan\u00e7a","cantidade":0.6544502617801},{"tipo":"Demografia","cantidade":1.7015706806283},{"tipo":"Desenvolvimento Econ\u00f4mico","cantidade":1.7015706806283},{"tipo":"Doutor.em Economia Social e do Trabalho","cantidade":0.52356020942408},{"tipo":"Ecologia","cantidade":1.5706806282723},{"tipo":"Economia","cantidade":0.91623036649215},{"tipo":"Educa\u00e7\u00e3o","cantidade":3.4031413612565},{"tipo":"Enfermagem","cantidade":0.6544502617801},{"tipo":"Engenharia Agr\u00edcola","cantidade":0.6544502617801},{"tipo":"Engenharia Civil","cantidade":3.0104712041885},{"tipo":"Engenharia de Alimentos","cantidade":5.6282722513089},{"tipo":"Engenharia de Computa\u00e7\u00e3o","cantidade":2.3560209424084},{"tipo":"Engenharia de Controle e Automa\u00e7\u00e3o","cantidade":0.91623036649215},{"tipo":"Engenharia de Petr\u00f3leo","cantidade":0.26178010471204},{"tipo":"Engenharia El\u00e9trica","cantidade":6.020942408377},{"tipo":"Engenharia Mec\u00e2nica","cantidade":3.4031413612565},{"tipo":"Engenharia Qu\u00edmica","cantidade":5.4973821989529},{"tipo":"Estat\u00edstica","cantidade":0.6544502617801},{"tipo":"Estomatopatologia","cantidade":0.91623036649215},{"tipo":"Filosofia","cantidade":2.4869109947644},{"tipo":"F\u00edsica","cantidade":2.3560209424084},{"tipo":"Fisiopatologia M\u00e9dica","cantidade":0.52356020942408},{"tipo":"Gen\u00e9tica e Biologia Molecular","cantidade":2.0942408376963},{"tipo":"Geoci\u00eancias","cantidade":0.13089005235602},{"tipo":"Gerontologia","cantidade":0.39267015706806},{"tipo":"Hist\u00f3ria","cantidade":1.5706806282723},{"tipo":"Licenciatura em Ci\u00eancias Biol\u00f3gicas","cantidade":0.78534031413613},{"tipo":"Licenciatura em F\u00edsica","cantidade":0.13089005235602},{"tipo":"Licenciatura em Letras - Portugu\u00eas","cantidade":1.1780104712042},{"tipo":"Licenciatura em Matem\u00e1tica","cantidade":0.91623036649215},{"tipo":"Licenciatura Integrada Qu\u00edmica\/F\u00edsica","cantidade":1.3089005235602},{"tipo":"Lingu\u00edstica","cantidade":1.7015706806283},{"tipo":"Lingu\u00edstica Aplicada","cantidade":0.52356020942408},{"tipo":"L\u00f3gica e Filosofia da Ci\u00eancia","cantidade":0.13089005235602},{"tipo":"Matem\u00e1tica","cantidade":0.52356020942408},{"tipo":"Matem\u00e1tica Aplicada","cantidade":0.26178010471204},{"tipo":"Matem\u00e1tica Aplicada e Computacional","cantidade":1.0471204188482},{"tipo":"Materiais Dent\u00e1rios","cantidade":0.52356020942408},{"tipo":"Medicina","cantidade":0.78534031413613},{"tipo":"Mestrado em Artes","cantidade":0.39267015706806},{"tipo":"M\u00fasica","cantidade":2.4869109947644},{"tipo":"Odontologia","cantidade":0.52356020942408},{"tipo":"Pedagogia","cantidade":2.7486910994764},{"tipo":"Programa de Forma\u00e7\u00e3o Interdisciplinar Superior - ProFIS","cantidade":0.39267015706806},{"tipo":"Qu\u00edmica","cantidade":2.7486910994764},{"tipo":"Radiologia Odontol\u00f3gica","cantidade":1.0471204188482},{"tipo":"Rela\u00e7\u00f5es Internacionais","cantidade":0.39267015706806},{"tipo":"Sa\u00fade Coletiva","cantidade":2.4869109947644},{"tipo":"Sa\u00fade da Crian\u00e7a e do Adolescente","cantidade":0.6544502617801},{"tipo":"Sa\u00fade, Interdisciplinaridade e Reabilita\u00e7\u00e3o","cantidade":0.26178010471204},{"tipo":"Sociologia","cantidade":0.91623036649215},{"tipo":"Tecnologia","cantidade":0.26178010471204},{"tipo":"Teoria e Hist\u00f3ria Liter\u00e1ria","cantidade":1.0471204188482},{"tipo":"Tocoginecologia","cantidade":1.4397905759162}]