[{"tipo":"Administra\u00e7\u00e3o","cantidade":0.18518518518519},{"tipo":"Alimentos e Nutri\u00e7\u00e3o","cantidade":0.64814814814815},{"tipo":"Ambiente e Sociedade","cantidade":0.46296296296296},{"tipo":"Antropologia Social","cantidade":1.1111111111111},{"tipo":"\u00c1rea Interdisciplinar de Planejamento de Sistemas Energ\u00e9ticos","cantidade":2.037037037037},{"tipo":"Artes C\u00eanicas","cantidade":0.37037037037037},{"tipo":"Artes da Cena","cantidade":0.37037037037037},{"tipo":"Artes Visuais","cantidade":0.92592592592593},{"tipo":"Bioci\u00eancias e Tecnologia de Produtos Bioativos","cantidade":0.55555555555556},{"tipo":"Bioenergia","cantidade":0.37037037037037},{"tipo":"Biologia Buco-Dental","cantidade":0.83333333333333},{"tipo":"Biologia Celular e Estrutural","cantidade":0.92592592592593},{"tipo":"Biologia Funcional e Molecular","cantidade":1.0185185185185},{"tipo":"Biologia Vegetal","cantidade":0.18518518518519},{"tipo":"Ci\u00eancia da Computa\u00e7\u00e3o","cantidade":3.5185185185185},{"tipo":"Ci\u00eancia de Alimentos","cantidade":1.4814814814815},{"tipo":"Ci\u00eancias Biol\u00f3gicas","cantidade":0.55555555555556},{"tipo":"Ci\u00eancias do Esporte","cantidade":0.27777777777778},{"tipo":"Ci\u00eancias e Engenharia de Petr\u00f3leo","cantidade":0.74074074074074},{"tipo":"Ci\u00eancias Econ\u00f4micas","cantidade":0.27777777777778},{"tipo":"Ci\u00eancias Humanas e Sociais Aplicadas","cantidade":0.092592592592593},{"tipo":"Ci\u00eancias M\u00e9dicas","cantidade":0.64814814814815},{"tipo":"Ci\u00eancias Sociais","cantidade":5},{"tipo":"Cl\u00ednica M\u00e9dica","cantidade":0.18518518518519},{"tipo":"Cl\u00ednica Odontol\u00f3gica","cantidade":2.4074074074074},{"tipo":"Comunica\u00e7\u00e3o Social - Midialogia","cantidade":0.46296296296296},{"tipo":"Curso Superior de Tecnologia da Constru\u00e7\u00e3o Civil","cantidade":1.3888888888889},{"tipo":"Curso Superior de Tecnologia em An\u00e1lise e Desenvolvimento de Sistemas","cantidade":0.46296296296296},{"tipo":"Curso Superior de Tecnologia em Constru\u00e7\u00e3o de Edif\u00edcios","cantidade":0.37037037037037},{"tipo":"Curso Superior de Tecnologia em Saneamento Ambiental","cantidade":1.2962962962963},{"tipo":"Curso Superior de Tecnologia em Sistemas de Telecomunica\u00e7\u00f5es","cantidade":0.37037037037037},{"tipo":"Dan\u00e7a","cantidade":0.64814814814815},{"tipo":"Demografia","cantidade":0.64814814814815},{"tipo":"Desenvolvimento Econ\u00f4mico","cantidade":0.37037037037037},{"tipo":"Divulga\u00e7\u00e3o Cient\u00edfica e Cultural","cantidade":0.83333333333333},{"tipo":"Doutorado em Artes","cantidade":0.55555555555556},{"tipo":"Economia","cantidade":0.83333333333333},{"tipo":"Educa\u00e7\u00e3o","cantidade":3.6111111111111},{"tipo":"Educa\u00e7\u00e3o F\u00edsica","cantidade":0.46296296296296},{"tipo":"Enfermagem","cantidade":1.0185185185185},{"tipo":"Engenharia Agr\u00edcola","cantidade":1.0185185185185},{"tipo":"Engenharia Civil","cantidade":2.4074074074074},{"tipo":"Engenharia de Alimentos","cantidade":2.5925925925926},{"tipo":"Engenharia de Computa\u00e7\u00e3o","cantidade":1.9444444444444},{"tipo":"Engenharia de Controle e Automa\u00e7\u00e3o","cantidade":1.5740740740741},{"tipo":"Engenharia El\u00e9trica","cantidade":4.4444444444444},{"tipo":"Engenharia Mec\u00e2nica","cantidade":4.0740740740741},{"tipo":"Engenharia Qu\u00edmica","cantidade":4.6296296296296},{"tipo":"Ensino e Hist\u00f3ria de Ci\u00eancias da Terra","cantidade":0.18518518518519},{"tipo":"Estat\u00edstica","cantidade":2.2222222222222},{"tipo":"Filosofia","cantidade":3.0555555555556},{"tipo":"F\u00edsica","cantidade":2.6851851851852},{"tipo":"Fonoaudiologia","cantidade":0.46296296296296},{"tipo":"Geoci\u00eancias","cantidade":0.55555555555556},{"tipo":"Gest\u00e3o de Com\u00e9rcio Internacional","cantidade":0.55555555555556},{"tipo":"Gest\u00e3o de Pol\u00edticas P\u00fablicas","cantidade":0.18518518518519},{"tipo":"Hist\u00f3ria","cantidade":2.3148148148148},{"tipo":"Licenciatura em Ci\u00eancias Biol\u00f3gicas","cantidade":0.55555555555556},{"tipo":"Licenciatura em Letras - Portugu\u00eas","cantidade":0.83333333333333},{"tipo":"Licenciatura em Matem\u00e1tica","cantidade":0.55555555555556},{"tipo":"Licenciatura Integrada Qu\u00edmica\/F\u00edsica","cantidade":0.18518518518519},{"tipo":"Lingu\u00edstica","cantidade":2.8703703703704},{"tipo":"Lingu\u00edstica Aplicada","cantidade":0.55555555555556},{"tipo":"L\u00f3gica e Filosofia da Ci\u00eancia","cantidade":0.092592592592593},{"tipo":"Matem\u00e1tica","cantidade":1.9444444444444},{"tipo":"Matem\u00e1tica Aplicada","cantidade":1.6666666666667},{"tipo":"Matem\u00e1tica Aplicada e Computacional","cantidade":0.83333333333333},{"tipo":"Matem\u00e1tica\/F\u00edsica\/Matem\u00e1tica Aplicada e Computacional","cantidade":0.092592592592593},{"tipo":"Materiais Dent\u00e1rios","cantidade":0.92592592592593},{"tipo":"Medicina","cantidade":1.1111111111111},{"tipo":"Mestrado em Artes","cantidade":1.0185185185185},{"tipo":"Mestrado Profissional em Qualidade","cantidade":0.18518518518519},{"tipo":"Multimeios","cantidade":0.46296296296296},{"tipo":"M\u00fasica","cantidade":0.18518518518519},{"tipo":"Odontologia","cantidade":2.6851851851852},{"tipo":"Pedagogia","cantidade":0.64814814814815},{"tipo":"Pol\u00edtica Cient\u00edfica e Tecnol\u00f3gica","cantidade":1.9444444444444},{"tipo":"Qu\u00edmica","cantidade":3.7962962962963},{"tipo":"Sa\u00fade Coletiva","cantidade":0.74074074074074},{"tipo":"Sa\u00fade da Crian\u00e7a e do Adolescente","cantidade":0.18518518518519},{"tipo":"Sa\u00fade, Interdisciplinaridade e Reabilita\u00e7\u00e3o","cantidade":0.46296296296296},{"tipo":"Sociologia","cantidade":1.0185185185185},{"tipo":"Tecnologia","cantidade":0.46296296296296},{"tipo":"Tecnologia de Alimentos","cantidade":0.37037037037037},{"tipo":"Teoria e Hist\u00f3ria Liter\u00e1ria","cantidade":0.092592592592593},{"tipo":"Tocoginecologia","cantidade":0.092592592592593}]