[{"tipo":"Administra\u00e7\u00e3o","cantidade":0.22333891680625},{"tipo":"Alimentos e Nutri\u00e7\u00e3o","cantidade":0.33500837520938},{"tipo":"Ambiente e Sociedade","cantidade":0.72585147962032},{"tipo":"Antropologia Social","cantidade":1.284198771636},{"tipo":"\u00c1rea Interdisciplinar de Planejamento de Sistemas Energ\u00e9ticos","cantidade":0.72585147962032},{"tipo":"Arquitetura e Urbanismo","cantidade":0.44667783361251},{"tipo":"Artes C\u00eanicas","cantidade":0.72585147962032},{"tipo":"Artes da Cena","cantidade":0.39084310441094},{"tipo":"Artes Visuais","cantidade":1.2283640424344},{"tipo":"Biologia Animal","cantidade":0.16750418760469},{"tipo":"Biologia Buco-Dental","cantidade":0.55834729201563},{"tipo":"Biologia Celular e Estrutural","cantidade":1.0050251256281},{"tipo":"Biologia Funcional e Molecular","cantidade":1.1725293132328},{"tipo":"Biologia Vegetal","cantidade":0.78168620882189},{"tipo":"Ci\u00eancia da Computa\u00e7\u00e3o","cantidade":3.0150753768844},{"tipo":"Ci\u00eancia de Alimentos","cantidade":1.1166945840313},{"tipo":"Ci\u00eancia Pol\u00edtica","cantidade":0.72585147962032},{"tipo":"Ci\u00eancias Biol\u00f3gicas","cantidade":0.67001675041876},{"tipo":"Ci\u00eancias da Cirurgia","cantidade":0.27917364600782},{"tipo":"Ci\u00eancias da Terra","cantidade":0.055834729201563},{"tipo":"Ci\u00eancias do Esporte","cantidade":0.11166945840313},{"tipo":"Ci\u00eancias e Engenharia de Petr\u00f3leo","cantidade":0.72585147962032},{"tipo":"Ci\u00eancias Econ\u00f4micas","cantidade":1.9542155220547},{"tipo":"Ci\u00eancias M\u00e9dicas","cantidade":1.6192071468453},{"tipo":"Ci\u00eancias Sociais","cantidade":2.2333891680625},{"tipo":"Cl\u00ednica M\u00e9dica","cantidade":1.5633724176438},{"tipo":"Cl\u00ednica Odontol\u00f3gica","cantidade":1.2283640424344},{"tipo":"Comunica\u00e7\u00e3o Social - Midialogia","cantidade":0.27917364600782},{"tipo":"Curso Superior de Tecnologia da Constru\u00e7\u00e3o Civil","cantidade":0.055834729201563},{"tipo":"Curso Superior de Tecnologia em An\u00e1lise e Desenvolvimento de Sistemas","cantidade":1.1166945840313},{"tipo":"Curso Superior de Tecnologia em Constru\u00e7\u00e3o de Edif\u00edcios","cantidade":0.16750418760469},{"tipo":"Curso Superior de Tecnologia em Saneamento Ambiental","cantidade":0.72585147962032},{"tipo":"Curso Superior de Tecnologia em Sistemas de Telecomunica\u00e7\u00f5es","cantidade":0.16750418760469},{"tipo":"Curso Superior de Tecnologia Sanit\u00e1ria","cantidade":0.39084310441094},{"tipo":"Dan\u00e7a","cantidade":0.89335566722501},{"tipo":"Demografia","cantidade":0.89335566722501},{"tipo":"Desenvolvimento Econ\u00f4mico","cantidade":1.1166945840313},{"tipo":"Divulga\u00e7\u00e3o Cient\u00edfica e Cultural","cantidade":0.11166945840313},{"tipo":"Doutorado em Artes","cantidade":0.33500837520938},{"tipo":"Ecologia","cantidade":1.6750418760469},{"tipo":"Economia","cantidade":1.2283640424344},{"tipo":"Educa\u00e7\u00e3o","cantidade":1.8425460636516},{"tipo":"Educa\u00e7\u00e3o F\u00edsica","cantidade":3.3500837520938},{"tipo":"Enfermagem","cantidade":0.44667783361251},{"tipo":"Engenharia Agr\u00edcola","cantidade":1.8983807928532},{"tipo":"Engenharia Civil","cantidade":2.4567280848688},{"tipo":"Engenharia de Alimentos","cantidade":1.9542155220547},{"tipo":"Engenharia de Computa\u00e7\u00e3o","cantidade":1.1725293132328},{"tipo":"Engenharia de Controle e Automa\u00e7\u00e3o","cantidade":0.83752093802345},{"tipo":"Engenharia de Telecomunica\u00e7\u00f5es","cantidade":0.11166945840313},{"tipo":"Engenharia El\u00e9trica","cantidade":4.3551088777219},{"tipo":"Engenharia Mec\u00e2nica","cantidade":2.5683975432719},{"tipo":"Engenharia Qu\u00edmica","cantidade":2.8475711892797},{"tipo":"Estat\u00edstica","cantidade":2.0100502512563},{"tipo":"Estomatopatologia","cantidade":0.39084310441094},{"tipo":"Farm\u00e1cia","cantidade":0.33500837520938},{"tipo":"Farmacologia","cantidade":0.78168620882189},{"tipo":"Filosofia","cantidade":1.9542155220547},{"tipo":"F\u00edsica","cantidade":2.5125628140704},{"tipo":"Fisiopatologia M\u00e9dica","cantidade":0.72585147962032},{"tipo":"Fonoaudiologia","cantidade":0.44667783361251},{"tipo":"Gen\u00e9tica e Biologia Molecular","cantidade":1.7308766052485},{"tipo":"Geoci\u00eancias","cantidade":0.6141820212172},{"tipo":"Geografia","cantidade":1.3958682300391},{"tipo":"Gerontologia","cantidade":0.16750418760469},{"tipo":"Gest\u00e3o de Com\u00e9rcio Internacional","cantidade":0.22333891680625},{"tipo":"Gest\u00e3o de Empresas","cantidade":0.44667783361251},{"tipo":"Hist\u00f3ria","cantidade":2.7917364600782},{"tipo":"Licenciatura em Ci\u00eancias Biol\u00f3gicas","cantidade":0.6141820212172},{"tipo":"Licenciatura em F\u00edsica","cantidade":1.1166945840313},{"tipo":"Licenciatura em Letras - Portugu\u00eas","cantidade":0.55834729201563},{"tipo":"Licenciatura Integrada Qu\u00edmica\/F\u00edsica","cantidade":0.33500837520938},{"tipo":"Lingu\u00edstica","cantidade":1.6192071468453},{"tipo":"Lingu\u00edstica Aplicada","cantidade":0.83752093802345},{"tipo":"Matem\u00e1tica","cantidade":2.2892238972641},{"tipo":"Matem\u00e1tica Aplicada","cantidade":1.1166945840313},{"tipo":"Matem\u00e1tica Aplicada e Computacional","cantidade":0.55834729201563},{"tipo":"Matem\u00e1tica\/F\u00edsica\/Matem\u00e1tica Aplicada e Computacional","cantidade":0.55834729201563},{"tipo":"Materiais Dent\u00e1rios","cantidade":0.72585147962032},{"tipo":"Medicina","cantidade":1.1725293132328},{"tipo":"Mestrado em Artes","cantidade":0.44667783361251},{"tipo":"Mestrado em Odont. Legal e Deontologia","cantidade":0.16750418760469},{"tipo":"Multimeios","cantidade":0.33500837520938},{"tipo":"M\u00fasica","cantidade":1.6750418760469},{"tipo":"Nutri\u00e7\u00e3o","cantidade":0.16750418760469},{"tipo":"Odontologia","cantidade":1.1166945840313},{"tipo":"Pedagogia","cantidade":1.78671133445},{"tipo":"Pol\u00edtica Cient\u00edfica e Tecnol\u00f3gica","cantidade":1.1725293132328},{"tipo":"Programa de Forma\u00e7\u00e3o Interdisciplinar Superior - ProFIS","cantidade":0.11166945840313},{"tipo":"Qu\u00edmica","cantidade":3.1267448352875},{"tipo":"Radiologia Odontol\u00f3gica","cantidade":0.39084310441094},{"tipo":"Sa\u00fade Coletiva","cantidade":0.39084310441094},{"tipo":"Sa\u00fade da Crian\u00e7a e do Adolescente","cantidade":1.0608598548297},{"tipo":"Sistemas de Informa\u00e7\u00e3o","cantidade":0.11166945840313},{"tipo":"Sociologia","cantidade":0.94919039642658},{"tipo":"Tecnologia de Alimentos","cantidade":0.22333891680625},{"tipo":"Teoria e Hist\u00f3ria Liter\u00e1ria","cantidade":0.39084310441094},{"tipo":"Tocoginecologia","cantidade":0.27917364600782}]