[{"tipo":"Administra\u00e7\u00e3o","cantidade":0.054490963581873},{"tipo":"Administra\u00e7\u00e3o P\u00fablica","cantidade":0.063572790845518},{"tipo":"Alimentos e Nutri\u00e7\u00e3o","cantidade":0.51766415402779},{"tipo":"Ambiente e Sociedade","cantidade":0.054490963581873},{"tipo":"Antropologia Social","cantidade":0.42684588139134},{"tipo":"\u00c1rea Interdisciplinar de Planejamento de Sistemas Energ\u00e9ticos","cantidade":0.35419126328217},{"tipo":"Arquitetura e Urbanismo","cantidade":0.22704568159114},{"tipo":"Arquitetura, Tecnologia e Cidade","cantidade":0.15439106348197},{"tipo":"Artes C\u00eanicas","cantidade":0.24520933611843},{"tipo":"Artes da Cena","cantidade":0.19071837253655},{"tipo":"Artes Visuais","cantidade":0.51766415402779},{"tipo":"Bioci\u00eancias e Tecnologia de Produtos Bioativos","cantidade":0.12714558169104},{"tipo":"Bioenergia","cantidade":0.090818272636454},{"tipo":"Biologia Animal","cantidade":0.32694578149124},{"tipo":"Biologia Buco-Dental","cantidade":0.53582780855508},{"tipo":"Biologia Celular e Estrutural","cantidade":0.73562800835528},{"tipo":"Biologia Funcional e Molecular","cantidade":0.94451003541913},{"tipo":"Biologia Vegetal","cantidade":0.88093724457361},{"tipo":"Ci\u00eancia da Computa\u00e7\u00e3o","cantidade":3.0424121333212},{"tipo":"Ci\u00eancia de Alimentos","cantidade":1.2260466805921},{"tipo":"Ci\u00eancia Pol\u00edtica","cantidade":0.68113704477341},{"tipo":"Ci\u00eancias Biol\u00f3gicas","cantidade":0.77195531740986},{"tipo":"Ci\u00eancias da Cirurgia","cantidade":0.76287349014622},{"tipo":"Ci\u00eancias da Nutri\u00e7\u00e3o e do Esporte e Metabolismo","cantidade":0.036327309054582},{"tipo":"Ci\u00eancias da Terra","cantidade":0.0090818272636454},{"tipo":"Ci\u00eancias do Esporte","cantidade":0.072654618109164},{"tipo":"Ci\u00eancias e Engenharia de Petr\u00f3leo","cantidade":0.57215511760966},{"tipo":"Ci\u00eancias Econ\u00f4micas","cantidade":0.81736445372809},{"tipo":"Ci\u00eancias M\u00e9dicas","cantidade":1.2442103351194},{"tipo":"Ci\u00eancias Sociais","cantidade":2.1342294069567},{"tipo":"Cl\u00ednica M\u00e9dica","cantidade":0.85369176278267},{"tipo":"Cl\u00ednica Odontol\u00f3gica","cantidade":1.1897193715376},{"tipo":"Comunica\u00e7\u00e3o Social - Midialogia","cantidade":0.1998001998002},{"tipo":"Curso Superior de Tecnologia da Constru\u00e7\u00e3o Civil","cantidade":0.6993006993007},{"tipo":"Curso Superior de Tecnologia da Constru\u00e7\u00e3o Civil - Edif\u00edcios","cantidade":0.036327309054582},{"tipo":"Curso Superior de Tecnologia da Constru\u00e7\u00e3o Civil - Obras de Solos","cantidade":0.018163654527291},{"tipo":"Curso Superior de Tecnologia em An\u00e1lise e Desenvolvimento de Sistemas","cantidade":0.76287349014622},{"tipo":"Curso Superior de Tecnologia em Constru\u00e7\u00e3o de Edif\u00edcios","cantidade":0.11806375442739},{"tipo":"Curso Superior de Tecnologia em Saneamento Ambiental","cantidade":0.87185541730996},{"tipo":"Curso Superior de Tecnologia em Sistemas de Telecomunica\u00e7\u00f5es","cantidade":0.072654618109164},{"tipo":"Curso Superior de Tecnologia Sanit\u00e1ria","cantidade":0.43592770865498},{"tipo":"Dan\u00e7a","cantidade":0.19071837253655},{"tipo":"Demografia","cantidade":0.11806375442739},{"tipo":"Desenvolvimento Econ\u00f4mico","cantidade":0.64480973571883},{"tipo":"Divulga\u00e7\u00e3o Cient\u00edfica e Cultural","cantidade":0.081736445372809},{"tipo":"Doutorado em Artes","cantidade":0.17255471800926},{"tipo":"Doutorado em Ortodontia","cantidade":0.045409136318227},{"tipo":"Ecologia","cantidade":0.43592770865498},{"tipo":"Economia","cantidade":0.46317319044592},{"tipo":"Educa\u00e7\u00e3o","cantidade":4.2866224684407},{"tipo":"Educa\u00e7\u00e3o F\u00edsica","cantidade":3.0333303060576},{"tipo":"Enfermagem","cantidade":0.98991917173735},{"tipo":"Engenharia Agr\u00edcola","cantidade":2.2068840250658},{"tipo":"Engenharia Ambiental","cantidade":0.045409136318227},{"tipo":"Engenharia Civil","cantidade":1.9071837253655},{"tipo":"Engenharia de Alimentos","cantidade":2.5065843247661},{"tipo":"Engenharia de Computa\u00e7\u00e3o","cantidade":1.4530923621833},{"tipo":"Engenharia de Controle e Automa\u00e7\u00e3o","cantidade":0.59031877213695},{"tipo":"Engenharia de Manufatura","cantidade":0.0999000999001},{"tipo":"Engenharia de Petr\u00f3leo","cantidade":0.018163654527291},{"tipo":"Engenharia de Produ\u00e7\u00e3o","cantidade":0.15439106348197},{"tipo":"Engenharia de Produ\u00e7\u00e3o e de Manufatura","cantidade":0.063572790845518},{"tipo":"Engenharia El\u00e9trica","cantidade":5.3764417400781},{"tipo":"Engenharia Mec\u00e2nica","cantidade":3.5419126328217},{"tipo":"Engenharia Qu\u00edmica","cantidade":5.839614930524},{"tipo":"Ensino e Hist\u00f3ria de Ci\u00eancias da Terra","cantidade":0.072654618109164},{"tipo":"Estat\u00edstica","cantidade":0.65389156298247},{"tipo":"Estomatopatologia","cantidade":0.36327309054582},{"tipo":"Estudos Liter\u00e1rios","cantidade":0.24520933611843},{"tipo":"Farm\u00e1cia","cantidade":0.0999000999001},{"tipo":"Farmacologia","cantidade":0.71746435382799},{"tipo":"Filosofia","cantidade":2.1614748887476},{"tipo":"F\u00edsica","cantidade":2.7427118336209},{"tipo":"Fisiopatologia M\u00e9dica","cantidade":0.40868222686405},{"tipo":"Fonoaudiologia","cantidade":0.12714558169104},{"tipo":"Gen\u00e9tica e Biologia Molecular","cantidade":1.1443102352193},{"tipo":"Geoci\u00eancias","cantidade":0.3996003996004},{"tipo":"Geografia","cantidade":0.7992007992008},{"tipo":"Geologia","cantidade":0.090818272636454},{"tipo":"Gerontologia","cantidade":0.16347289074562},{"tipo":"Gest\u00e3o de Com\u00e9rcio Internacional","cantidade":0.072654618109164},{"tipo":"Gest\u00e3o de Empresas","cantidade":0.081736445372809},{"tipo":"Gest\u00e3o de Pol\u00edticas P\u00fablicas","cantidade":0.081736445372809},{"tipo":"Gest\u00e3o do Agroneg\u00f3cio","cantidade":0.13622740895468},{"tipo":"Hist\u00f3ria","cantidade":1.2260466805921},{"tipo":"Licenciatura em Ci\u00eancias Biol\u00f3gicas","cantidade":0.62664608119154},{"tipo":"Licenciatura em F\u00edsica","cantidade":0.60848242666424},{"tipo":"Licenciatura em Letras - Portugu\u00eas","cantidade":0.97175551721006},{"tipo":"Licenciatura em Matem\u00e1tica","cantidade":0.81736445372809},{"tipo":"Licenciatura Integrada Qu\u00edmica\/F\u00edsica","cantidade":0.56307329034602},{"tipo":"Lingu\u00edstica","cantidade":2.3976023976024},{"tipo":"Lingu\u00edstica Aplicada","cantidade":0.98083734447371},{"tipo":"L\u00f3gica e Filosofia da Ci\u00eancia","cantidade":0.018163654527291},{"tipo":"Matem\u00e1tica","cantidade":1.7073835255653},{"tipo":"Matem\u00e1tica Aplicada","cantidade":1.0625737898465},{"tipo":"Matem\u00e1tica Aplicada e Computacional","cantidade":0.46317319044592},{"tipo":"Matem\u00e1tica\/F\u00edsica\/Matem\u00e1tica Aplicada e Computacional","cantidade":0.19071837253655},{"tipo":"Materiais Dent\u00e1rios","cantidade":0.43592770865498},{"tipo":"Medicina","cantidade":1.3986013986014},{"tipo":"Mestr. em Economia Social e do Trabalho","cantidade":0.027245481790936},{"tipo":"Mestrado em Artes","cantidade":0.37235491780946},{"tipo":"Mestrado em Hist\u00f3ria Econ\u00f4mica","cantidade":0.081736445372809},{"tipo":"Mestrado em Sa\u00fade Mental","cantidade":0.018163654527291},{"tipo":"Mestrado Profissional em Qualidade","cantidade":0.0090818272636454},{"tipo":"Multimeios","cantidade":0.49041867223685},{"tipo":"Multiunidades em Ensino de Ci\u00eancias e Matem\u00e1tica","cantidade":0.2997002997003},{"tipo":"M\u00fasica","cantidade":2.0161656525293},{"tipo":"Nutri\u00e7\u00e3o","cantidade":0.1998001998002},{"tipo":"Odontologia","cantidade":1.562074289347},{"tipo":"Pedagogia","cantidade":3.5509944600854},{"tipo":"Pol\u00edtica Cient\u00edfica e Tecnol\u00f3gica","cantidade":0.36327309054582},{"tipo":"Programa de Forma\u00e7\u00e3o Interdisciplinar Superior - ProFIS","cantidade":0.28153664517301},{"tipo":"Qu\u00edmica","cantidade":4.4864226682408},{"tipo":"Qu\u00edmica Tecnol\u00f3gica","cantidade":0.29061847243665},{"tipo":"Radiologia Odontol\u00f3gica","cantidade":0.35419126328217},{"tipo":"Rela\u00e7\u00f5es Internacionais","cantidade":0.027245481790936},{"tipo":"Sa\u00fade Coletiva","cantidade":0.80828262646444},{"tipo":"Sa\u00fade da Crian\u00e7a e do Adolescente","cantidade":0.75379166288257},{"tipo":"Sa\u00fade, Interdisciplinaridade e Reabilita\u00e7\u00e3o","cantidade":0.081736445372809},{"tipo":"Sistemas de Informa\u00e7\u00e3o","cantidade":0.036327309054582},{"tipo":"Sociologia","cantidade":0.51766415402779},{"tipo":"Superior de Tecnologia Ambiental","cantidade":0.0090818272636454},{"tipo":"Tecnologia","cantidade":0.063572790845518},{"tipo":"Tecnologia de Alimentos","cantidade":0.57215511760966},{"tipo":"Teoria e Hist\u00f3ria Liter\u00e1ria","cantidade":0.98083734447371},{"tipo":"Tocoginecologia","cantidade":0.37235491780946}]