[{"tipo":"Administra\u00e7\u00e3o","cantidade":0.088652482269504},{"tipo":"Alimentos e Nutri\u00e7\u00e3o","cantidade":0.26595744680851},{"tipo":"Antropologia Social","cantidade":0.088652482269504},{"tipo":"Arquitetura e Urbanismo","cantidade":0.35460992907801},{"tipo":"Artes C\u00eanicas","cantidade":0.26595744680851},{"tipo":"Artes da Cena","cantidade":0.088652482269504},{"tipo":"Artes Visuais","cantidade":0.70921985815603},{"tipo":"Biologia Animal","cantidade":0.88652482269504},{"tipo":"Biologia Funcional e Molecular","cantidade":1.063829787234},{"tipo":"Biologia Vegetal","cantidade":0.62056737588652},{"tipo":"Ci\u00eancia da Computa\u00e7\u00e3o","cantidade":3.8120567375887},{"tipo":"Ci\u00eancia de Alimentos","cantidade":0.26595744680851},{"tipo":"Ci\u00eancia Pol\u00edtica","cantidade":0.44326241134752},{"tipo":"Ci\u00eancias da Cirurgia","cantidade":0.88652482269504},{"tipo":"Ci\u00eancias Econ\u00f4micas","cantidade":1.5957446808511},{"tipo":"Ci\u00eancias M\u00e9dicas","cantidade":2.1276595744681},{"tipo":"Ci\u00eancias Sociais","cantidade":0.88652482269504},{"tipo":"Cl\u00ednica M\u00e9dica","cantidade":1.5070921985816},{"tipo":"Cl\u00ednica Odontol\u00f3gica","cantidade":3.6347517730496},{"tipo":"Curso Superior de Tecnologia da Constru\u00e7\u00e3o Civil","cantidade":0.97517730496454},{"tipo":"Curso Superior de Tecnologia em An\u00e1lise e Desenvolvimento de Sistemas","cantidade":0.79787234042553},{"tipo":"Curso Superior de Tecnologia em Constru\u00e7\u00e3o de Edif\u00edcios","cantidade":0.44326241134752},{"tipo":"Curso Superior de Tecnologia em Saneamento Ambiental","cantidade":2.2163120567376},{"tipo":"Curso Superior de Tecnologia em Sistemas de Telecomunica\u00e7\u00f5es","cantidade":0.70921985815603},{"tipo":"Desenvolvimento Econ\u00f4mico","cantidade":0.44326241134752},{"tipo":"Doutorado em Ortodontia","cantidade":0.35460992907801},{"tipo":"Ecologia","cantidade":2.1276595744681},{"tipo":"Educa\u00e7\u00e3o","cantidade":2.7482269503546},{"tipo":"Educa\u00e7\u00e3o F\u00edsica","cantidade":1.4184397163121},{"tipo":"Enfermagem","cantidade":0.70921985815603},{"tipo":"Engenharia Agr\u00edcola","cantidade":1.4184397163121},{"tipo":"Engenharia Civil","cantidade":4.2553191489362},{"tipo":"Engenharia de Alimentos","cantidade":1.5957446808511},{"tipo":"Engenharia de Computa\u00e7\u00e3o","cantidade":1.9503546099291},{"tipo":"Engenharia de Controle e Automa\u00e7\u00e3o","cantidade":1.6843971631206},{"tipo":"Engenharia de Manufatura","cantidade":0.26595744680851},{"tipo":"Engenharia de Produ\u00e7\u00e3o","cantidade":0.35460992907801},{"tipo":"Engenharia El\u00e9trica","cantidade":5.6737588652482},{"tipo":"Engenharia Mec\u00e2nica","cantidade":8.8652482269504},{"tipo":"Engenharia Qu\u00edmica","cantidade":4.0780141843972},{"tipo":"Ensino e Hist\u00f3ria de Ci\u00eancias da Terra","cantidade":0.44326241134752},{"tipo":"Estat\u00edstica","cantidade":0.97517730496454},{"tipo":"Estomatopatologia","cantidade":0.62056737588652},{"tipo":"Farm\u00e1cia","cantidade":0.53191489361702},{"tipo":"Farmacologia","cantidade":0.70921985815603},{"tipo":"Filosofia","cantidade":1.6843971631206},{"tipo":"F\u00edsica","cantidade":2.7482269503546},{"tipo":"Fisiopatologia M\u00e9dica","cantidade":0.44326241134752},{"tipo":"Gen\u00e9tica e Biologia Molecular","cantidade":1.241134751773},{"tipo":"Geoci\u00eancias","cantidade":0.26595744680851},{"tipo":"Geografia","cantidade":1.3297872340426},{"tipo":"Geologia","cantidade":0.53191489361702},{"tipo":"Gerontologia","cantidade":0.62056737588652},{"tipo":"Gest\u00e3o de Com\u00e9rcio Internacional","cantidade":0.53191489361702},{"tipo":"Gest\u00e3o de Pol\u00edticas P\u00fablicas","cantidade":0.26595744680851},{"tipo":"Gest\u00e3o do Agroneg\u00f3cio","cantidade":0.26595744680851},{"tipo":"Hist\u00f3ria","cantidade":1.063829787234},{"tipo":"Licenciatura em Ci\u00eancias Biol\u00f3gicas","cantidade":0.17730496453901},{"tipo":"Licenciatura em F\u00edsica","cantidade":0.70921985815603},{"tipo":"Licenciatura em Letras - Portugu\u00eas","cantidade":0.44326241134752},{"tipo":"Licenciatura em Matem\u00e1tica","cantidade":1.5957446808511},{"tipo":"Licenciatura Integrada Qu\u00edmica\/F\u00edsica","cantidade":1.4184397163121},{"tipo":"Lingu\u00edstica","cantidade":2.1276595744681},{"tipo":"Lingu\u00edstica Aplicada","cantidade":0.53191489361702},{"tipo":"L\u00f3gica e Filosofia da Ci\u00eancia","cantidade":0.088652482269504},{"tipo":"Matem\u00e1tica","cantidade":0.88652482269504},{"tipo":"Matem\u00e1tica Aplicada","cantidade":0.62056737588652},{"tipo":"Materiais Dent\u00e1rios","cantidade":1.063829787234},{"tipo":"Medicina","cantidade":0.35460992907801},{"tipo":"Mestrado em Hist\u00f3ria Econ\u00f4mica","cantidade":0.44326241134752},{"tipo":"Mestrado em Sa\u00fade Mental","cantidade":0.088652482269504},{"tipo":"Multimeios","cantidade":0.17730496453901},{"tipo":"Multiunidades em Ensino de Ci\u00eancias e Matem\u00e1tica","cantidade":0.53191489361702},{"tipo":"M\u00fasica","cantidade":0.35460992907801},{"tipo":"Nutri\u00e7\u00e3o","cantidade":0.44326241134752},{"tipo":"Odontologia","cantidade":3.0141843971631},{"tipo":"Pedagogia","cantidade":0.35460992907801},{"tipo":"Programa de Forma\u00e7\u00e3o Interdisciplinar Superior - ProFIS","cantidade":1.1524822695035},{"tipo":"Qu\u00edmica","cantidade":3.5460992907801},{"tipo":"Radiologia Odontol\u00f3gica","cantidade":0.44326241134752},{"tipo":"Sa\u00fade Coletiva","cantidade":0.26595744680851},{"tipo":"Sa\u00fade da Crian\u00e7a e do Adolescente","cantidade":0.44326241134752},{"tipo":"Sociologia","cantidade":0.62056737588652},{"tipo":"Tecnologia de Alimentos","cantidade":0.26595744680851},{"tipo":"Teoria e Hist\u00f3ria Liter\u00e1ria","cantidade":0.88652482269504}]