[{"tipo":"Antropologia Social","cantidade":0.62305295950156},{"tipo":"Biologia Buco-Dental","cantidade":2.1806853582555},{"tipo":"Biologia Celular e Estrutural","cantidade":2.803738317757},{"tipo":"Ci\u00eancia da Computa\u00e7\u00e3o","cantidade":2.803738317757},{"tipo":"Ci\u00eancia Pol\u00edtica","cantidade":0.93457943925234},{"tipo":"Ci\u00eancias Econ\u00f4micas","cantidade":0.31152647975078},{"tipo":"Ci\u00eancias M\u00e9dicas","cantidade":1.2461059190031},{"tipo":"Ci\u00eancias Sociais","cantidade":4.6728971962617},{"tipo":"Cl\u00ednica Odontol\u00f3gica","cantidade":0.93457943925234},{"tipo":"Curso Superior de Tecnologia em Sistemas de Telecomunica\u00e7\u00f5es","cantidade":1.2461059190031},{"tipo":"Desenvolvimento Econ\u00f4mico","cantidade":2.803738317757},{"tipo":"Educa\u00e7\u00e3o","cantidade":9.3457943925234},{"tipo":"Educa\u00e7\u00e3o F\u00edsica","cantidade":2.803738317757},{"tipo":"Engenharia Agr\u00edcola","cantidade":2.4922118380062},{"tipo":"Engenharia Civil","cantidade":2.4922118380062},{"tipo":"Engenharia de Computa\u00e7\u00e3o","cantidade":3.1152647975078},{"tipo":"Engenharia de Controle e Automa\u00e7\u00e3o","cantidade":1.2461059190031},{"tipo":"Engenharia El\u00e9trica","cantidade":9.6573208722741},{"tipo":"Engenharia Mec\u00e2nica","cantidade":3.7383177570093},{"tipo":"Engenharia Qu\u00edmica","cantidade":3.1152647975078},{"tipo":"Ensino e Hist\u00f3ria de Ci\u00eancias da Terra","cantidade":1.8691588785047},{"tipo":"Estat\u00edstica","cantidade":4.0498442367601},{"tipo":"Estomatopatologia","cantidade":1.2461059190031},{"tipo":"Filosofia","cantidade":0.31152647975078},{"tipo":"F\u00edsica","cantidade":4.6728971962617},{"tipo":"Gen\u00e9tica e Biologia Molecular","cantidade":1.5576323987539},{"tipo":"Geoci\u00eancias","cantidade":2.803738317757},{"tipo":"Geografia","cantidade":2.1806853582555},{"tipo":"Hist\u00f3ria","cantidade":5.607476635514},{"tipo":"Licenciatura em Letras - Portugu\u00eas","cantidade":1.5576323987539},{"tipo":"Lingu\u00edstica","cantidade":1.8691588785047},{"tipo":"Lingu\u00edstica Aplicada","cantidade":0.93457943925234},{"tipo":"Matem\u00e1tica","cantidade":0.31152647975078},{"tipo":"Matem\u00e1tica Aplicada","cantidade":2.1806853582555},{"tipo":"Matem\u00e1tica\/F\u00edsica\/Matem\u00e1tica Aplicada e Computacional","cantidade":0.31152647975078},{"tipo":"M\u00fasica","cantidade":0.62305295950156},{"tipo":"Pedagogia","cantidade":0.62305295950156},{"tipo":"Qu\u00edmica","cantidade":2.1806853582555},{"tipo":"Radiologia Odontol\u00f3gica","cantidade":1.5576323987539},{"tipo":"Tecnologia","cantidade":0.31152647975078},{"tipo":"Tecnologia de Alimentos","cantidade":3.1152647975078},{"tipo":"Teoria e Hist\u00f3ria Liter\u00e1ria","cantidade":1.5576323987539}]