[{"tipo":"Administra\u00e7\u00e3o","cantidade":0.32533550223668},{"tipo":"Alimentos e Nutri\u00e7\u00e3o","cantidade":1.5860105734038},{"tipo":"Ambiente e Sociedade","cantidade":0.20333468889793},{"tipo":"Antropologia Social","cantidade":0.40666937779585},{"tipo":"\u00c1rea Interdisciplinar de Planejamento de Sistemas Energ\u00e9ticos","cantidade":0.44733631557544},{"tipo":"Arquitetura, Tecnologia e Cidade","cantidade":0.40666937779585},{"tipo":"Artes Visuais","cantidade":0.52867019113461},{"tipo":"Biologia Animal","cantidade":0.2846685644571},{"tipo":"Biologia Buco-Dental","cantidade":0.16266775111834},{"tipo":"Biologia Celular e Estrutural","cantidade":0.61000406669378},{"tipo":"Biologia Funcional e Molecular","cantidade":0.8133387555917},{"tipo":"Biologia Vegetal","cantidade":0.56933712891419},{"tipo":"Ci\u00eancia da Computa\u00e7\u00e3o","cantidade":3.2533550223668},{"tipo":"Ci\u00eancia de Alimentos","cantidade":1.4233428222855},{"tipo":"Ci\u00eancia Pol\u00edtica","cantidade":1.179341195608},{"tipo":"Ci\u00eancias Biol\u00f3gicas","cantidade":0.77267181781212},{"tipo":"Ci\u00eancias da Cirurgia","cantidade":0.73200488003253},{"tipo":"Ci\u00eancias do Esporte","cantidade":0.24400162667751},{"tipo":"Ci\u00eancias e Engenharia de Petr\u00f3leo","cantidade":1.0166734444896},{"tipo":"Ci\u00eancias Econ\u00f4micas","cantidade":0.20333468889793},{"tipo":"Ci\u00eancias M\u00e9dicas","cantidade":1.9113460756405},{"tipo":"Ci\u00eancias Sociais","cantidade":3.1313542090281},{"tipo":"Cl\u00ednica M\u00e9dica","cantidade":1.1386742578284},{"tipo":"Cl\u00ednica Odontol\u00f3gica","cantidade":2.1146807645384},{"tipo":"Comunica\u00e7\u00e3o Social - Midialogia","cantidade":0.2846685644571},{"tipo":"Curso Superior de Tecnologia da Constru\u00e7\u00e3o Civil","cantidade":0.40666937779585},{"tipo":"Curso Superior de Tecnologia em An\u00e1lise e Desenvolvimento de Sistemas","cantidade":0.56933712891419},{"tipo":"Curso Superior de Tecnologia em Constru\u00e7\u00e3o de Edif\u00edcios","cantidade":0.24400162667751},{"tipo":"Curso Superior de Tecnologia em Saneamento Ambiental","cantidade":0.73200488003253},{"tipo":"Curso Superior de Tecnologia em Sistemas de Telecomunica\u00e7\u00f5es","cantidade":0.040666937779585},{"tipo":"Curso Superior de Tecnologia Sanit\u00e1ria","cantidade":0.08133387555917},{"tipo":"Dan\u00e7a","cantidade":0.36600244001627},{"tipo":"Demografia","cantidade":0.08133387555917},{"tipo":"Desenvolvimento Econ\u00f4mico","cantidade":1.4233428222855},{"tipo":"Divulga\u00e7\u00e3o Cient\u00edfica e Cultural","cantidade":0.20333468889793},{"tipo":"Doutorado em Artes","cantidade":0.20333468889793},{"tipo":"Doutorado em Ortodontia","cantidade":0.12200081333876},{"tipo":"Doutorado em Sa\u00fade Mental","cantidade":0.08133387555917},{"tipo":"Ecologia","cantidade":0.61000406669378},{"tipo":"Economia","cantidade":0.73200488003253},{"tipo":"Educa\u00e7\u00e3o","cantidade":3.7820252135014},{"tipo":"Educa\u00e7\u00e3o F\u00edsica","cantidade":1.9113460756405},{"tipo":"Enfermagem","cantidade":0.20333468889793},{"tipo":"Engenharia Agr\u00edcola","cantidade":1.8706791378609},{"tipo":"Engenharia Civil","cantidade":2.1960146400976},{"tipo":"Engenharia de Alimentos","cantidade":2.9280195201301},{"tipo":"Engenharia de Computa\u00e7\u00e3o","cantidade":1.9113460756405},{"tipo":"Engenharia de Controle e Automa\u00e7\u00e3o","cantidade":0.8133387555917},{"tipo":"Engenharia de Manufatura","cantidade":0.16266775111834},{"tipo":"Engenharia de Produ\u00e7\u00e3o","cantidade":0.56933712891419},{"tipo":"Engenharia El\u00e9trica","cantidade":5.490036600244},{"tipo":"Engenharia Mec\u00e2nica","cantidade":2.5620170801139},{"tipo":"Engenharia Qu\u00edmica","cantidade":5.8153721024807},{"tipo":"Estat\u00edstica","cantidade":1.1386742578284},{"tipo":"Estomatopatologia","cantidade":0.32533550223668},{"tipo":"Farmacologia","cantidade":0.8133387555917},{"tipo":"Filosofia","cantidade":1.667344448963},{"tipo":"F\u00edsica","cantidade":2.1146807645384},{"tipo":"Fisiopatologia M\u00e9dica","cantidade":0.32533550223668},{"tipo":"Fonoaudiologia","cantidade":0.16266775111834},{"tipo":"Geoci\u00eancias","cantidade":0.73200488003253},{"tipo":"Geografia","cantidade":1.5860105734038},{"tipo":"Geologia","cantidade":0.12200081333876},{"tipo":"Gerontologia","cantidade":0.20333468889793},{"tipo":"Gest\u00e3o de Com\u00e9rcio Internacional","cantidade":0.16266775111834},{"tipo":"Gest\u00e3o de Empresas","cantidade":0.16266775111834},{"tipo":"Gest\u00e3o de Pol\u00edticas P\u00fablicas","cantidade":0.20333468889793},{"tipo":"Gest\u00e3o do Agroneg\u00f3cio","cantidade":0.20333468889793},{"tipo":"Hist\u00f3ria","cantidade":2.4400162667751},{"tipo":"Licenciatura em Ci\u00eancias Biol\u00f3gicas","cantidade":0.56933712891419},{"tipo":"Licenciatura em F\u00edsica","cantidade":0.16266775111834},{"tipo":"Licenciatura em Letras - Portugu\u00eas","cantidade":0.89467263115087},{"tipo":"Licenciatura em Matem\u00e1tica","cantidade":0.61000406669378},{"tipo":"Licenciatura Integrada Qu\u00edmica\/F\u00edsica","cantidade":0.2846685644571},{"tipo":"Lingu\u00edstica","cantidade":1.0980073200488},{"tipo":"Lingu\u00edstica Aplicada","cantidade":0.24400162667751},{"tipo":"L\u00f3gica e Filosofia da Ci\u00eancia","cantidade":0.08133387555917},{"tipo":"Matem\u00e1tica","cantidade":0.89467263115087},{"tipo":"Matem\u00e1tica Aplicada","cantidade":0.69133794225295},{"tipo":"Matem\u00e1tica Aplicada e Computacional","cantidade":0.61000406669378},{"tipo":"Matem\u00e1tica\/F\u00edsica\/Matem\u00e1tica Aplicada e Computacional","cantidade":0.12200081333876},{"tipo":"Materiais Dent\u00e1rios","cantidade":0.40666937779585},{"tipo":"Medicina","cantidade":2.5620170801139},{"tipo":"Mestrado em Artes","cantidade":0.65067100447336},{"tipo":"Mestrado Profissional em Qualidade","cantidade":0.08133387555917},{"tipo":"Multimeios","cantidade":0.65067100447336},{"tipo":"M\u00fasica","cantidade":1.3013420089467},{"tipo":"Nutri\u00e7\u00e3o","cantidade":0.040666937779585},{"tipo":"Odontologia","cantidade":3.4160227734852},{"tipo":"Pedagogia","cantidade":2.7653517690118},{"tipo":"Pol\u00edtica Cient\u00edfica e Tecnol\u00f3gica","cantidade":0.20333468889793},{"tipo":"Programa de Forma\u00e7\u00e3o Interdisciplinar Superior - ProFIS","cantidade":0.08133387555917},{"tipo":"Qu\u00edmica","cantidade":3.6600244001627},{"tipo":"Qu\u00edmica Tecnol\u00f3gica","cantidade":0.2846685644571},{"tipo":"Radiologia Odontol\u00f3gica","cantidade":0.36600244001627},{"tipo":"Rela\u00e7\u00f5es Internacionais","cantidade":0.20333468889793},{"tipo":"Sa\u00fade Coletiva","cantidade":0.8133387555917},{"tipo":"Sa\u00fade da Crian\u00e7a e do Adolescente","cantidade":0.73200488003253},{"tipo":"Sa\u00fade, Interdisciplinaridade e Reabilita\u00e7\u00e3o","cantidade":0.040666937779585},{"tipo":"Sistemas de Informa\u00e7\u00e3o","cantidade":0.08133387555917},{"tipo":"Sociologia","cantidade":0.24400162667751},{"tipo":"Superior Tecnologia em Saneamento Ambiental","cantidade":0.040666937779585},{"tipo":"Tecnologia de Alimentos","cantidade":1.0573403822692},{"tipo":"Teoria e Hist\u00f3ria Liter\u00e1ria","cantidade":1.0166734444896},{"tipo":"Tocoginecologia","cantidade":0.8133387555917}]