[{"tipo":"Administra\u00e7\u00e3o","cantidade":0.04217629692113},{"tipo":"Administra\u00e7\u00e3o P\u00fablica","cantidade":0.25305778152678},{"tipo":"Alimentos e Nutri\u00e7\u00e3o","cantidade":0.084352593842261},{"tipo":"Antropologia Social","cantidade":0.29523407844791},{"tipo":"\u00c1rea Interdisciplinar de Planejamento de Sistemas Energ\u00e9ticos","cantidade":0.29523407844791},{"tipo":"Arquitetura e Urbanismo","cantidade":0.25305778152678},{"tipo":"Arquitetura, Tecnologia e Cidade","cantidade":0.29523407844791},{"tipo":"Artes C\u00eanicas","cantidade":0.46393926613243},{"tipo":"Artes da Cena","cantidade":0.37958667229017},{"tipo":"Artes Visuais","cantidade":0.46393926613243},{"tipo":"Biologia Animal","cantidade":0.16870518768452},{"tipo":"Biologia Buco-Dental","cantidade":0.50611556305356},{"tipo":"Biologia Celular e Estrutural","cantidade":0.59046815689582},{"tipo":"Biologia Funcional e Molecular","cantidade":1.1387600168705},{"tipo":"Biologia Vegetal","cantidade":1.0965837199494},{"tipo":"Ci\u00eancia da Computa\u00e7\u00e3o","cantidade":4.5550400674821},{"tipo":"Ci\u00eancia de Alimentos","cantidade":1.307465204555},{"tipo":"Ci\u00eancia Pol\u00edtica","cantidade":0.71699704765922},{"tipo":"Ci\u00eancias Biol\u00f3gicas","cantidade":0.54829185997469},{"tipo":"Ci\u00eancias da Cirurgia","cantidade":0.4217629692113},{"tipo":"Ci\u00eancias do Esporte","cantidade":0.54829185997469},{"tipo":"Ci\u00eancias e Engenharia de Petr\u00f3leo","cantidade":0.25305778152678},{"tipo":"Ci\u00eancias Econ\u00f4micas","cantidade":0.67482075073809},{"tipo":"Ci\u00eancias M\u00e9dicas","cantidade":2.1088148460565},{"tipo":"Ci\u00eancias Sociais","cantidade":2.8679881906369},{"tipo":"Cl\u00ednica M\u00e9dica","cantidade":1.3918177983973},{"tipo":"Cl\u00ednica Odontol\u00f3gica","cantidade":1.8979333614509},{"tipo":"Curso Superior de Tecnologia da Constru\u00e7\u00e3o Civil","cantidade":1.1809363137916},{"tipo":"Curso Superior de Tecnologia da Constru\u00e7\u00e3o Civil - Obras de Solos","cantidade":0.04217629692113},{"tipo":"Curso Superior de Tecnologia em An\u00e1lise e Desenvolvimento de Sistemas","cantidade":0.59046815689582},{"tipo":"Curso Superior de Tecnologia em Constru\u00e7\u00e3o de Edif\u00edcios","cantidade":0.12652889076339},{"tipo":"Curso Superior de Tecnologia em Estradas","cantidade":0.084352593842261},{"tipo":"Curso Superior de Tecnologia em Saneamento Ambiental","cantidade":0.16870518768452},{"tipo":"Curso Superior de Tecnologia em Sistemas de Telecomunica\u00e7\u00f5es","cantidade":0.25305778152678},{"tipo":"Curso Superior de Tecnologia Sanit\u00e1ria","cantidade":0.16870518768452},{"tipo":"Dan\u00e7a","cantidade":0.46393926613243},{"tipo":"Demografia","cantidade":0.63264445381695},{"tipo":"Desenvolvimento Econ\u00f4mico","cantidade":1.2652889076339},{"tipo":"Divulga\u00e7\u00e3o Cient\u00edfica e Cultural","cantidade":0.084352593842261},{"tipo":"Doutorado em Artes","cantidade":0.084352593842261},{"tipo":"Ecologia","cantidade":0.970054829186},{"tipo":"Economia","cantidade":0.54829185997469},{"tipo":"Educa\u00e7\u00e3o","cantidade":2.6149304091101},{"tipo":"Educa\u00e7\u00e3o F\u00edsica","cantidade":2.6992830029523},{"tipo":"Enfermagem","cantidade":0.63264445381695},{"tipo":"Engenharia Agr\u00edcola","cantidade":0.92787853226487},{"tipo":"Engenharia Ambiental","cantidade":0.16870518768452},{"tipo":"Engenharia Civil","cantidade":4.6393926613243},{"tipo":"Engenharia de Alimentos","cantidade":2.277520033741},{"tipo":"Engenharia de Computa\u00e7\u00e3o","cantidade":1.6448755799241},{"tipo":"Engenharia de Controle e Automa\u00e7\u00e3o","cantidade":0.84352593842261},{"tipo":"Engenharia de Manufatura","cantidade":0.084352593842261},{"tipo":"Engenharia de Produ\u00e7\u00e3o","cantidade":0.33741037536904},{"tipo":"Engenharia de Telecomunica\u00e7\u00f5es","cantidade":0.33741037536904},{"tipo":"Engenharia El\u00e9trica","cantidade":5.6516237874315},{"tipo":"Engenharia Mec\u00e2nica","cantidade":2.6992830029523},{"tipo":"Engenharia Qu\u00edmica","cantidade":4.7659215520877},{"tipo":"Ensino e Hist\u00f3ria de Ci\u00eancias da Terra","cantidade":0.084352593842261},{"tipo":"Estat\u00edstica","cantidade":0.33741037536904},{"tipo":"Estomatopatologia","cantidade":0.67482075073809},{"tipo":"Estudos Liter\u00e1rios","cantidade":0.25305778152678},{"tipo":"Farm\u00e1cia","cantidade":0.25305778152678},{"tipo":"Farmacologia","cantidade":0.21088148460565},{"tipo":"Filosofia","cantidade":1.3918177983973},{"tipo":"F\u00edsica","cantidade":1.8557570645297},{"tipo":"Fisiopatologia M\u00e9dica","cantidade":1.1387600168705},{"tipo":"Fonoaudiologia","cantidade":0.37958667229017},{"tipo":"Gen\u00e9tica e Biologia Molecular","cantidade":0.50611556305356},{"tipo":"Geoci\u00eancias","cantidade":0.88570223534374},{"tipo":"Geografia","cantidade":1.1809363137916},{"tipo":"Geologia","cantidade":0.37958667229017},{"tipo":"Gerontologia","cantidade":0.084352593842261},{"tipo":"Gest\u00e3o de Pol\u00edticas P\u00fablicas","cantidade":0.04217629692113},{"tipo":"Hist\u00f3ria","cantidade":0.4217629692113},{"tipo":"Licenciatura em Ci\u00eancias Biol\u00f3gicas","cantidade":0.59046815689582},{"tipo":"Licenciatura em F\u00edsica","cantidade":0.71699704765922},{"tipo":"Licenciatura em Letras - Portugu\u00eas","cantidade":1.0544074230283},{"tipo":"Licenciatura em Matem\u00e1tica","cantidade":0.84352593842261},{"tipo":"Licenciatura Integrada Qu\u00edmica\/F\u00edsica","cantidade":0.71699704765922},{"tipo":"Lingu\u00edstica","cantidade":2.4040489245044},{"tipo":"Lingu\u00edstica Aplicada","cantidade":0.21088148460565},{"tipo":"Matem\u00e1tica","cantidade":2.4040489245044},{"tipo":"Matem\u00e1tica Aplicada","cantidade":1.1809363137916},{"tipo":"Matem\u00e1tica Aplicada e Computacional","cantidade":0.25305778152678},{"tipo":"Matem\u00e1tica\/F\u00edsica\/Matem\u00e1tica Aplicada e Computacional","cantidade":0.37958667229017},{"tipo":"Materiais Dent\u00e1rios","cantidade":1.0965837199494},{"tipo":"Medicina","cantidade":1.3918177983973},{"tipo":"Mestr. em Economia Social e do Trabalho","cantidade":0.21088148460565},{"tipo":"Mestrado em Artes","cantidade":0.46393926613243},{"tipo":"Multimeios","cantidade":0.46393926613243},{"tipo":"Multiunidades em Ensino de Ci\u00eancias e Matem\u00e1tica","cantidade":0.12652889076339},{"tipo":"M\u00fasica","cantidade":1.940109658372},{"tipo":"Odontologia","cantidade":1.8979333614509},{"tipo":"Pedagogia","cantidade":0.59046815689582},{"tipo":"Pol\u00edtica Cient\u00edfica e Tecnol\u00f3gica","cantidade":0.4217629692113},{"tipo":"Programa de Forma\u00e7\u00e3o Interdisciplinar Superior - ProFIS","cantidade":0.59046815689582},{"tipo":"Qu\u00edmica","cantidade":5.4829185997469},{"tipo":"Qu\u00edmica Tecnol\u00f3gica","cantidade":0.29523407844791},{"tipo":"Sa\u00fade Coletiva","cantidade":0.59046815689582},{"tipo":"Sa\u00fade da Crian\u00e7a e do Adolescente","cantidade":0.46393926613243},{"tipo":"Sa\u00fade, Interdisciplinaridade e Reabilita\u00e7\u00e3o","cantidade":0.16870518768452},{"tipo":"Sociologia","cantidade":0.50611556305356},{"tipo":"Tecnologia","cantidade":0.12652889076339},{"tipo":"Tecnologia de Alimentos","cantidade":0.88570223534374},{"tipo":"Teoria e Hist\u00f3ria Liter\u00e1ria","cantidade":0.46393926613243},{"tipo":"Tocoginecologia","cantidade":0.37958667229017}]