[{"tipo":"Alimentos e Nutri\u00e7\u00e3o","cantidade":1.4162077104642},{"tipo":"Antropologia Social","cantidade":0.786782061369},{"tipo":"\u00c1rea Interdisciplinar de Planejamento de Sistemas Energ\u00e9ticos","cantidade":0.9441384736428},{"tipo":"Arquitetura e Urbanismo","cantidade":0.6294256490952},{"tipo":"Arquitetura, Tecnologia e Cidade","cantidade":0.3147128245476},{"tipo":"Artes da Cena","cantidade":0.3933910306845},{"tipo":"Biologia Buco-Dental","cantidade":0.1573564122738},{"tipo":"Biologia Celular e Estrutural","cantidade":0.7081038552321},{"tipo":"Biologia Funcional e Molecular","cantidade":1.0228166797797},{"tipo":"Biologia Vegetal","cantidade":0.6294256490952},{"tipo":"Ci\u00eancia da Computa\u00e7\u00e3o","cantidade":3.6191974822974},{"tipo":"Ci\u00eancia de Alimentos","cantidade":0.3147128245476},{"tipo":"Ci\u00eancia Pol\u00edtica","cantidade":0.3933910306845},{"tipo":"Ci\u00eancias Biol\u00f3gicas","cantidade":0.3933910306845},{"tipo":"Ci\u00eancias da Cirurgia","cantidade":0.1573564122738},{"tipo":"Ci\u00eancias e Engenharia de Petr\u00f3leo","cantidade":0.3933910306845},{"tipo":"Ci\u00eancias Econ\u00f4micas","cantidade":0.5507474429583},{"tipo":"Ci\u00eancias Humanas e Sociais Aplicadas","cantidade":0.1573564122738},{"tipo":"Ci\u00eancias M\u00e9dicas","cantidade":1.4948859166011},{"tipo":"Ci\u00eancias Sociais","cantidade":2.9110936270653},{"tipo":"Cl\u00ednica M\u00e9dica","cantidade":1.4948859166011},{"tipo":"Cl\u00ednica Odontol\u00f3gica","cantidade":0.8654602675059},{"tipo":"Curso Superior de Tecnologia em An\u00e1lise e Desenvolvimento de Sistemas","cantidade":0.3147128245476},{"tipo":"Curso Superior de Tecnologia em Constru\u00e7\u00e3o de Edif\u00edcios","cantidade":0.4720692368214},{"tipo":"Curso Superior de Tecnologia em Saneamento Ambiental","cantidade":0.8654602675059},{"tipo":"Dan\u00e7a","cantidade":0.5507474429583},{"tipo":"Demografia","cantidade":0.8654602675059},{"tipo":"Desenvolvimento Econ\u00f4mico","cantidade":1.0228166797797},{"tipo":"Divulga\u00e7\u00e3o Cient\u00edfica e Cultural","cantidade":0.2360346184107},{"tipo":"Ecologia","cantidade":0.0786782061369},{"tipo":"Economia","cantidade":0.5507474429583},{"tipo":"Educa\u00e7\u00e3o","cantidade":2.9897718332022},{"tipo":"Educa\u00e7\u00e3o F\u00edsica","cantidade":2.6750590086546},{"tipo":"Enfermagem","cantidade":0.3933910306845},{"tipo":"Engenharia Agr\u00edcola","cantidade":1.3375295043273},{"tipo":"Engenharia Ambiental","cantidade":0.0786782061369},{"tipo":"Engenharia Civil","cantidade":2.5177025963808},{"tipo":"Engenharia de Alimentos","cantidade":2.0456333595594},{"tipo":"Engenharia de Computa\u00e7\u00e3o","cantidade":2.4390243902439},{"tipo":"Engenharia de Controle e Automa\u00e7\u00e3o","cantidade":2.2816679779701},{"tipo":"Engenharia de Manufatura","cantidade":0.6294256490952},{"tipo":"Engenharia de Produ\u00e7\u00e3o","cantidade":0.0786782061369},{"tipo":"Engenharia El\u00e9trica","cantidade":6.294256490952},{"tipo":"Engenharia Mec\u00e2nica","cantidade":1.8095987411487},{"tipo":"Engenharia Qu\u00edmica","cantidade":2.5177025963808},{"tipo":"Estat\u00edstica","cantidade":1.1801730920535},{"tipo":"Farm\u00e1cia","cantidade":0.5507474429583},{"tipo":"Farmacologia","cantidade":0.5507474429583},{"tipo":"Filosofia","cantidade":1.573564122738},{"tipo":"F\u00edsica","cantidade":3.7765538945712},{"tipo":"Fisiopatologia M\u00e9dica","cantidade":1.0228166797797},{"tipo":"Fonoaudiologia","cantidade":0.5507474429583},{"tipo":"Gen\u00e9tica e Biologia Molecular","cantidade":0.6294256490952},{"tipo":"Geoci\u00eancias","cantidade":1.573564122738},{"tipo":"Geografia","cantidade":1.0228166797797},{"tipo":"Gerontologia","cantidade":0.1573564122738},{"tipo":"Gest\u00e3o do Agroneg\u00f3cio","cantidade":0.4720692368214},{"tipo":"Hist\u00f3ria","cantidade":2.7537372147915},{"tipo":"Licenciatura em F\u00edsica","cantidade":0.3147128245476},{"tipo":"Licenciatura em Letras - Portugu\u00eas","cantidade":0.5507474429583},{"tipo":"Licenciatura em Matem\u00e1tica","cantidade":0.6294256490952},{"tipo":"Licenciatura Integrada Qu\u00edmica\/F\u00edsica","cantidade":1.3375295043273},{"tipo":"Lingu\u00edstica","cantidade":2.8324154209284},{"tipo":"Lingu\u00edstica Aplicada","cantidade":1.1801730920535},{"tipo":"Matem\u00e1tica","cantidade":2.7537372147915},{"tipo":"Matem\u00e1tica Aplicada","cantidade":1.6522423288749},{"tipo":"Matem\u00e1tica Aplicada e Computacional","cantidade":0.3933910306845},{"tipo":"Matem\u00e1tica\/F\u00edsica\/Matem\u00e1tica Aplicada e Computacional","cantidade":0.4720692368214},{"tipo":"Medicina","cantidade":2.2816679779701},{"tipo":"Mestrado em Hist\u00f3ria Econ\u00f4mica","cantidade":0.2360346184107},{"tipo":"Mestrado em Odont. Legal e Deontologia","cantidade":0.1573564122738},{"tipo":"Mestrado Profissional em Qualidade","cantidade":0.0786782061369},{"tipo":"Multimeios","cantidade":1.4948859166011},{"tipo":"Multiunidades em Ensino de Ci\u00eancias e Matem\u00e1tica","cantidade":0.0786782061369},{"tipo":"M\u00fasica","cantidade":0.3147128245476},{"tipo":"Odontologia","cantidade":1.8882769472856},{"tipo":"Pedagogia","cantidade":3.8552321007081},{"tipo":"Pol\u00edtica Cient\u00edfica e Tecnol\u00f3gica","cantidade":0.2360346184107},{"tipo":"Programa de Forma\u00e7\u00e3o Interdisciplinar Superior - ProFIS","cantidade":0.1573564122738},{"tipo":"Qu\u00edmica","cantidade":2.5177025963808},{"tipo":"Qu\u00edmica Tecnol\u00f3gica","cantidade":0.5507474429583},{"tipo":"Rela\u00e7\u00f5es Internacionais","cantidade":0.3933910306845},{"tipo":"Sa\u00fade Coletiva","cantidade":1.4162077104642},{"tipo":"Sa\u00fade da Crian\u00e7a e do Adolescente","cantidade":0.9441384736428},{"tipo":"Sociologia","cantidade":0.3147128245476},{"tipo":"Superior de Tecnologia Ambiental","cantidade":0.2360346184107},{"tipo":"Tecnologia de Alimentos","cantidade":0.7081038552321},{"tipo":"Teoria e Hist\u00f3ria Liter\u00e1ria","cantidade":0.6294256490952},{"tipo":"Tocoginecologia","cantidade":0.786782061369}]