[{"tipo":"ciencias_humanas","cantidade":10.739504830465},{"tipo":"ciencias_humanas","cantidade":22.49884393786},{"tipo":"engenheria","cantidade":29.591441390774},{"tipo":"ciencias_agrarias","cantidade":5.6428330396311},{"tipo":"ciencias_biologicas","cantidade":2.3383700148726},{"tipo":"linguistica_artes","cantidade":14.328921550248},{"tipo":"ciencias_da_saude","cantidade":8.5136165373127},{"tipo":"ciencias_sociais","cantidade":6.1739967255321},{"tipo":"interdisciplinarias","cantidade":0.17247197330434}]