[{"tipo":"Administra\u00e7\u00e3o","cantidade":0.24373259052925},{"tipo":"Alimentos e Nutri\u00e7\u00e3o","cantidade":1.2883008356546},{"tipo":"Ambiente e Sociedade","cantidade":0.10445682451253},{"tipo":"Antropologia Social","cantidade":0.41782729805014},{"tipo":"\u00c1rea Interdisciplinar de Planejamento de Sistemas Energ\u00e9ticos","cantidade":0.55710306406685},{"tipo":"Arquitetura e Urbanismo","cantidade":0.17409470752089},{"tipo":"Arquitetura, Tecnologia e Cidade","cantidade":0.38300835654596},{"tipo":"Artes C\u00eanicas","cantidade":0.41782729805014},{"tipo":"Artes da Cena","cantidade":0.34818941504178},{"tipo":"Artes Visuais","cantidade":0.66155988857939},{"tipo":"Bioci\u00eancias e Tecnologia de Produtos Bioativos","cantidade":0.10445682451253},{"tipo":"Biologia Animal","cantidade":0.34818941504178},{"tipo":"Biologia Buco-Dental","cantidade":0.24373259052925},{"tipo":"Biologia Celular e Estrutural","cantidade":0.59192200557103},{"tipo":"Biologia Funcional e Molecular","cantidade":0.87047353760446},{"tipo":"Biologia Vegetal","cantidade":0.83565459610028},{"tipo":"Ci\u00eancia da Computa\u00e7\u00e3o","cantidade":3.5515320334262},{"tipo":"Ci\u00eancia de Alimentos","cantidade":1.0793871866295},{"tipo":"Ci\u00eancia Pol\u00edtica","cantidade":0.41782729805014},{"tipo":"Ci\u00eancias Biol\u00f3gicas","cantidade":0.76601671309192},{"tipo":"Ci\u00eancias da Cirurgia","cantidade":0.41782729805014},{"tipo":"Ci\u00eancias e Engenharia de Petr\u00f3leo","cantidade":1.3927576601671},{"tipo":"Ci\u00eancias Econ\u00f4micas","cantidade":1.0445682451253},{"tipo":"Ci\u00eancias M\u00e9dicas","cantidade":1.8105849582173},{"tipo":"Ci\u00eancias Sociais","cantidade":2.1587743732591},{"tipo":"Cl\u00ednica M\u00e9dica","cantidade":1.4623955431755},{"tipo":"Cl\u00ednica Odontol\u00f3gica","cantidade":1.9150417827298},{"tipo":"Comunica\u00e7\u00e3o Social - Midialogia","cantidade":0.34818941504178},{"tipo":"Curso Superior de Tecnologia da Constru\u00e7\u00e3o Civil","cantidade":0.41782729805014},{"tipo":"Curso Superior de Tecnologia em An\u00e1lise e Desenvolvimento de Sistemas","cantidade":0.52228412256267},{"tipo":"Curso Superior de Tecnologia em Constru\u00e7\u00e3o de Edif\u00edcios","cantidade":0.83565459610028},{"tipo":"Curso Superior de Tecnologia em Saneamento Ambiental","cantidade":0.034818941504178},{"tipo":"Curso Superior de Tecnologia em Sistemas de Telecomunica\u00e7\u00f5es","cantidade":0.034818941504178},{"tipo":"Dan\u00e7a","cantidade":0.17409470752089},{"tipo":"Demografia","cantidade":0.17409470752089},{"tipo":"Desenvolvimento Econ\u00f4mico","cantidade":1.357938718663},{"tipo":"Divulga\u00e7\u00e3o Cient\u00edfica e Cultural","cantidade":0.10445682451253},{"tipo":"Doutorado em Artes","cantidade":0.069637883008357},{"tipo":"Doutorado em Ortodontia","cantidade":0.13927576601671},{"tipo":"Doutorado em Sa\u00fade Mental","cantidade":0.069637883008357},{"tipo":"Ecologia","cantidade":0.69637883008357},{"tipo":"Economia","cantidade":1.0445682451253},{"tipo":"Educa\u00e7\u00e3o","cantidade":2.4721448467967},{"tipo":"Educa\u00e7\u00e3o F\u00edsica","cantidade":1.9846796657382},{"tipo":"Enfermagem","cantidade":1.1490250696379},{"tipo":"Engenharia Agr\u00edcola","cantidade":1.1142061281337},{"tipo":"Engenharia Ambiental","cantidade":0.34818941504178},{"tipo":"Engenharia Civil","cantidade":2.3676880222841},{"tipo":"Engenharia de Alimentos","cantidade":1.357938718663},{"tipo":"Engenharia de Computa\u00e7\u00e3o","cantidade":2.2980501392758},{"tipo":"Engenharia de Controle e Automa\u00e7\u00e3o","cantidade":0.83565459610028},{"tipo":"Engenharia de Manufatura","cantidade":0.4874651810585},{"tipo":"Engenharia de Petr\u00f3leo","cantidade":0.10445682451253},{"tipo":"Engenharia de Produ\u00e7\u00e3o","cantidade":0.27855153203343},{"tipo":"Engenharia de Telecomunica\u00e7\u00f5es","cantidade":0.10445682451253},{"tipo":"Engenharia El\u00e9trica","cantidade":5.1183844011142},{"tipo":"Engenharia Mec\u00e2nica","cantidade":2.4373259052925},{"tipo":"Engenharia Qu\u00edmica","cantidade":5.08356545961},{"tipo":"Estat\u00edstica","cantidade":0.59192200557103},{"tipo":"Estomatopatologia","cantidade":0.66155988857939},{"tipo":"Estudos Liter\u00e1rios","cantidade":0.13927576601671},{"tipo":"Farm\u00e1cia","cantidade":0.13927576601671},{"tipo":"Farmacologia","cantidade":0.34818941504178},{"tipo":"Filosofia","cantidade":2.0891364902507},{"tipo":"F\u00edsica","cantidade":2.5766016713092},{"tipo":"Fisiopatologia M\u00e9dica","cantidade":0.38300835654596},{"tipo":"Gen\u00e9tica e Biologia Molecular","cantidade":0.38300835654596},{"tipo":"Geoci\u00eancias","cantidade":1.0445682451253},{"tipo":"Geografia","cantidade":1.6016713091922},{"tipo":"Geologia","cantidade":0.27855153203343},{"tipo":"Gerontologia","cantidade":0.13927576601671},{"tipo":"Gest\u00e3o de Com\u00e9rcio Internacional","cantidade":0.17409470752089},{"tipo":"Gest\u00e3o de Empresas","cantidade":0.41782729805014},{"tipo":"Gest\u00e3o de Pol\u00edticas P\u00fablicas","cantidade":0.3133704735376},{"tipo":"Gest\u00e3o do Agroneg\u00f3cio","cantidade":0.20891364902507},{"tipo":"Hist\u00f3ria","cantidade":1.7061281337047},{"tipo":"Licenciatura em Ci\u00eancias Biol\u00f3gicas","cantidade":0.13927576601671},{"tipo":"Licenciatura em F\u00edsica","cantidade":0.24373259052925},{"tipo":"Licenciatura em Letras - Portugu\u00eas","cantidade":1.1142061281337},{"tipo":"Licenciatura em Matem\u00e1tica","cantidade":0.38300835654596},{"tipo":"Licenciatura Integrada Qu\u00edmica\/F\u00edsica","cantidade":0.20891364902507},{"tipo":"Lingu\u00edstica","cantidade":2.5069637883008},{"tipo":"Lingu\u00edstica Aplicada","cantidade":0.41782729805014},{"tipo":"L\u00f3gica e Filosofia da Ci\u00eancia","cantidade":0.034818941504178},{"tipo":"Matem\u00e1tica","cantidade":1.4972144846797},{"tipo":"Matem\u00e1tica Aplicada","cantidade":0.83565459610028},{"tipo":"Matem\u00e1tica Aplicada e Computacional","cantidade":0.45264623955432},{"tipo":"Matem\u00e1tica\/F\u00edsica\/Matem\u00e1tica Aplicada e Computacional","cantidade":0.45264623955432},{"tipo":"Materiais Dent\u00e1rios","cantidade":0.62674094707521},{"tipo":"Medicina","cantidade":1.2534818941504},{"tipo":"Mestrado em Anatomia Patol\u00f3gica","cantidade":0.069637883008357},{"tipo":"Mestrado em Artes","cantidade":0.4874651810585},{"tipo":"Mestrado Profissional em Qualidade","cantidade":0.069637883008357},{"tipo":"Multimeios","cantidade":0.69637883008357},{"tipo":"M\u00fasica","cantidade":1.5320334261838},{"tipo":"Odontologia","cantidade":1.6016713091922},{"tipo":"Pedagogia","cantidade":1.4623955431755},{"tipo":"Pol\u00edtica Cient\u00edfica e Tecnol\u00f3gica","cantidade":0.66155988857939},{"tipo":"Programa de Forma\u00e7\u00e3o Interdisciplinar Superior - ProFIS","cantidade":0.10445682451253},{"tipo":"Qu\u00edmica","cantidade":3.8649025069638},{"tipo":"Qu\u00edmica Tecnol\u00f3gica","cantidade":0.13927576601671},{"tipo":"Radiologia Odontol\u00f3gica","cantidade":1.3231197771588},{"tipo":"Rela\u00e7\u00f5es Internacionais","cantidade":0.034818941504178},{"tipo":"Sa\u00fade Coletiva","cantidade":1.5320334261838},{"tipo":"Sa\u00fade da Crian\u00e7a e do Adolescente","cantidade":0.8008356545961},{"tipo":"Sa\u00fade, Interdisciplinaridade e Reabilita\u00e7\u00e3o","cantidade":0.13927576601671},{"tipo":"Sociologia","cantidade":1.1838440111421},{"tipo":"Superior de Tecnologia Ambiental","cantidade":0.10445682451253},{"tipo":"Tecnologia","cantidade":0.10445682451253},{"tipo":"Tecnologia de Alimentos","cantidade":1.0445682451253},{"tipo":"Teoria e Hist\u00f3ria Liter\u00e1ria","cantidade":1.1490250696379},{"tipo":"Tocoginecologia","cantidade":1.357938718663}]