[{"tipo":"Administra\u00e7\u00e3o P\u00fablica","cantidade":0.84033613445378},{"tipo":"\u00c1rea Interdisciplinar de Planejamento de Sistemas Energ\u00e9ticos","cantidade":1.6806722689076},{"tipo":"Arquitetura e Urbanismo","cantidade":1.4705882352941},{"tipo":"Arquitetura, Tecnologia e Cidade","cantidade":0.42016806722689},{"tipo":"Artes da Cena","cantidade":0.63025210084034},{"tipo":"Artes Visuais","cantidade":1.6806722689076},{"tipo":"Biologia Funcional e Molecular","cantidade":1.6806722689076},{"tipo":"Ci\u00eancia da Computa\u00e7\u00e3o","cantidade":1.6806722689076},{"tipo":"Ci\u00eancia de Alimentos","cantidade":4.8319327731092},{"tipo":"Ci\u00eancias Biol\u00f3gicas","cantidade":1.0504201680672},{"tipo":"Ci\u00eancias e Engenharia de Petr\u00f3leo","cantidade":1.0504201680672},{"tipo":"Ci\u00eancias Econ\u00f4micas","cantidade":3.3613445378151},{"tipo":"Ci\u00eancias Sociais","cantidade":1.2605042016807},{"tipo":"Cl\u00ednica Odontol\u00f3gica","cantidade":0.84033613445378},{"tipo":"Comunica\u00e7\u00e3o Social - Midialogia","cantidade":0.42016806722689},{"tipo":"Curso Superior de Tecnologia da Constru\u00e7\u00e3o Civil","cantidade":2.1008403361345},{"tipo":"Curso Superior de Tecnologia em Saneamento Ambiental","cantidade":1.6806722689076},{"tipo":"Dan\u00e7a","cantidade":2.5210084033613},{"tipo":"Educa\u00e7\u00e3o","cantidade":1.890756302521},{"tipo":"Educa\u00e7\u00e3o F\u00edsica","cantidade":1.6806722689076},{"tipo":"Engenharia Agr\u00edcola","cantidade":3.5714285714286},{"tipo":"Engenharia Civil","cantidade":3.1512605042017},{"tipo":"Engenharia de Alimentos","cantidade":3.1512605042017},{"tipo":"Engenharia de Computa\u00e7\u00e3o","cantidade":4.2016806722689},{"tipo":"Engenharia de Controle e Automa\u00e7\u00e3o","cantidade":0.84033613445378},{"tipo":"Engenharia de Manufatura","cantidade":0.21008403361345},{"tipo":"Engenharia El\u00e9trica","cantidade":5.4621848739496},{"tipo":"Engenharia F\u00edsica","cantidade":0.84033613445378},{"tipo":"Engenharia Mec\u00e2nica","cantidade":3.9915966386555},{"tipo":"Engenharia Qu\u00edmica","cantidade":3.781512605042},{"tipo":"Estat\u00edstica","cantidade":1.2605042016807},{"tipo":"Estudos Liter\u00e1rios","cantidade":0.21008403361345},{"tipo":"Farm\u00e1cia","cantidade":0.42016806722689},{"tipo":"Filosofia","cantidade":2.3109243697479},{"tipo":"F\u00edsica","cantidade":1.2605042016807},{"tipo":"Fisiopatologia M\u00e9dica","cantidade":0.84033613445378},{"tipo":"Geografia","cantidade":1.890756302521},{"tipo":"Gest\u00e3o de Empresas","cantidade":0.21008403361345},{"tipo":"Gest\u00e3o de Pol\u00edticas P\u00fablicas","cantidade":0.84033613445378},{"tipo":"Hist\u00f3ria","cantidade":6.5126050420168},{"tipo":"Licenciatura em Ci\u00eancias Biol\u00f3gicas","cantidade":1.0504201680672},{"tipo":"Licenciatura em Matem\u00e1tica","cantidade":0.21008403361345},{"tipo":"Lingu\u00edstica","cantidade":1.890756302521},{"tipo":"Matem\u00e1tica","cantidade":3.3613445378151},{"tipo":"Matem\u00e1tica Aplicada","cantidade":1.890756302521},{"tipo":"Matem\u00e1tica Aplicada e Computacional","cantidade":1.0504201680672},{"tipo":"Matem\u00e1tica\/F\u00edsica\/Matem\u00e1tica Aplicada e Computacional","cantidade":0.21008403361345},{"tipo":"Medicina","cantidade":1.4705882352941},{"tipo":"Mestrado em Odont. Legal e Deontologia","cantidade":0.84033613445378},{"tipo":"M\u00fasica","cantidade":1.0504201680672},{"tipo":"Nutri\u00e7\u00e3o","cantidade":1.0504201680672},{"tipo":"Odontologia","cantidade":0.21008403361345},{"tipo":"Pedagogia","cantidade":1.0504201680672},{"tipo":"Programa de Forma\u00e7\u00e3o Interdisciplinar Superior - ProFIS","cantidade":0.84033613445378},{"tipo":"Qu\u00edmica","cantidade":1.6806722689076},{"tipo":"Radiologia Odontol\u00f3gica","cantidade":0.63025210084034},{"tipo":"Sa\u00fade Coletiva","cantidade":1.6806722689076},{"tipo":"Sa\u00fade da Crian\u00e7a e do Adolescente","cantidade":1.0504201680672},{"tipo":"Sistemas de Informa\u00e7\u00e3o","cantidade":0.21008403361345},{"tipo":"Superior de Tecnologia Ambiental","cantidade":0.21008403361345},{"tipo":"Tocoginecologia","cantidade":0.63025210084034}]