[{"tipo":"Alimentos e Nutri\u00e7\u00e3o","cantidade":2.0833333333333},{"tipo":"Antropologia Social","cantidade":4.1666666666667},{"tipo":"Arquitetura, Tecnologia e Cidade","cantidade":1.0416666666667},{"tipo":"Ci\u00eancia da Computa\u00e7\u00e3o","cantidade":2.0833333333333},{"tipo":"Ci\u00eancias Sociais","cantidade":4.6875},{"tipo":"Cl\u00ednica M\u00e9dica","cantidade":5.7291666666667},{"tipo":"Desenvolvimento Econ\u00f4mico","cantidade":2.0833333333333},{"tipo":"Educa\u00e7\u00e3o","cantidade":5.7291666666667},{"tipo":"Educa\u00e7\u00e3o F\u00edsica","cantidade":3.125},{"tipo":"Engenharia Agr\u00edcola","cantidade":4.6875},{"tipo":"Engenharia de Alimentos","cantidade":1.5625},{"tipo":"Engenharia de Computa\u00e7\u00e3o","cantidade":5.7291666666667},{"tipo":"Engenharia El\u00e9trica","cantidade":6.25},{"tipo":"Engenharia Mec\u00e2nica","cantidade":1.0416666666667},{"tipo":"Engenharia Qu\u00edmica","cantidade":5.2083333333333},{"tipo":"Farmacologia","cantidade":1.0416666666667},{"tipo":"Filosofia","cantidade":5.2083333333333},{"tipo":"F\u00edsica","cantidade":1.0416666666667},{"tipo":"Hist\u00f3ria","cantidade":5.7291666666667},{"tipo":"Lingu\u00edstica","cantidade":8.3333333333333},{"tipo":"Lingu\u00edstica Aplicada","cantidade":8.3333333333333},{"tipo":"L\u00f3gica e Filosofia da Ci\u00eancia","cantidade":0.52083333333333},{"tipo":"Matem\u00e1tica","cantidade":0.52083333333333},{"tipo":"Medicina","cantidade":1.5625},{"tipo":"M\u00fasica","cantidade":2.0833333333333},{"tipo":"Odontologia","cantidade":2.0833333333333},{"tipo":"Pol\u00edtica Cient\u00edfica e Tecnol\u00f3gica","cantidade":1.5625},{"tipo":"Qu\u00edmica Tecnol\u00f3gica","cantidade":4.1666666666667},{"tipo":"Sa\u00fade da Crian\u00e7a e do Adolescente","cantidade":1.5625},{"tipo":"Tocoginecologia","cantidade":1.0416666666667}]