[{"tipo":"Administra\u00e7\u00e3o","cantidade":0.17167381974249},{"tipo":"Alimentos e Nutri\u00e7\u00e3o","cantidade":0.085836909871245},{"tipo":"Ambiente e Sociedade","cantidade":0.042918454935622},{"tipo":"Antropologia Social","cantidade":0.085836909871245},{"tipo":"\u00c1rea Interdisciplinar de Planejamento de Sistemas Energ\u00e9ticos","cantidade":1.244635193133},{"tipo":"Arquitetura, Tecnologia e Cidade","cantidade":0.17167381974249},{"tipo":"Artes C\u00eanicas","cantidade":0.25751072961373},{"tipo":"Artes da Cena","cantidade":0.42918454935622},{"tipo":"Artes Visuais","cantidade":0.94420600858369},{"tipo":"Bioenergia","cantidade":0.085836909871245},{"tipo":"Biologia Animal","cantidade":0.3862660944206},{"tipo":"Biologia Celular e Estrutural","cantidade":1.1587982832618},{"tipo":"Biologia Funcional e Molecular","cantidade":0.21459227467811},{"tipo":"Biologia Vegetal","cantidade":1.4163090128755},{"tipo":"Ci\u00eancia da Computa\u00e7\u00e3o","cantidade":1.9742489270386},{"tipo":"Ci\u00eancia de Alimentos","cantidade":0.64377682403433},{"tipo":"Ci\u00eancia Pol\u00edtica","cantidade":0.68669527896996},{"tipo":"Ci\u00eancias Biol\u00f3gicas","cantidade":0.30042918454936},{"tipo":"Ci\u00eancias da Cirurgia","cantidade":1.3304721030043},{"tipo":"Ci\u00eancias da Nutri\u00e7\u00e3o e do Esporte e Metabolismo","cantidade":0.085836909871245},{"tipo":"Ci\u00eancias do Esporte","cantidade":0.25751072961373},{"tipo":"Ci\u00eancias e Engenharia de Petr\u00f3leo","cantidade":0.60085836909871},{"tipo":"Ci\u00eancias Econ\u00f4micas","cantidade":1.1587982832618},{"tipo":"Ci\u00eancias Humanas e Sociais Aplicadas","cantidade":0.12875536480687},{"tipo":"Ci\u00eancias M\u00e9dicas","cantidade":1.244635193133},{"tipo":"Ci\u00eancias Sociais","cantidade":3.3905579399142},{"tipo":"Cl\u00ednica M\u00e9dica","cantidade":1.6738197424893},{"tipo":"Cl\u00ednica Odontol\u00f3gica","cantidade":2.0171673819742},{"tipo":"Comunica\u00e7\u00e3o Social - Midialogia","cantidade":0.47210300429185},{"tipo":"Curso Superior de Tecnologia da Constru\u00e7\u00e3o Civil","cantidade":0.47210300429185},{"tipo":"Curso Superior de Tecnologia da Constru\u00e7\u00e3o Civil - Edif\u00edcios","cantidade":0.12875536480687},{"tipo":"Curso Superior de Tecnologia em An\u00e1lise e Desenvolvimento de Sistemas","cantidade":1.0729613733906},{"tipo":"Curso Superior de Tecnologia em Constru\u00e7\u00e3o de Edif\u00edcios","cantidade":0.42918454935622},{"tipo":"Curso Superior de Tecnologia em Estradas","cantidade":0.12875536480687},{"tipo":"Curso Superior de Tecnologia em Saneamento Ambiental","cantidade":0.72961373390558},{"tipo":"Curso Superior de Tecnologia Sanit\u00e1ria","cantidade":0.042918454935622},{"tipo":"Dan\u00e7a","cantidade":0.30042918454936},{"tipo":"Demografia","cantidade":0.085836909871245},{"tipo":"Desenvolvimento Econ\u00f4mico","cantidade":1.4592274678112},{"tipo":"Divulga\u00e7\u00e3o Cient\u00edfica e Cultural","cantidade":0.21459227467811},{"tipo":"Doutorado em Artes","cantidade":0.21459227467811},{"tipo":"Doutorado em Ortodontia","cantidade":0.21459227467811},{"tipo":"Ecologia","cantidade":0.72961373390558},{"tipo":"Economia","cantidade":0.55793991416309},{"tipo":"Educa\u00e7\u00e3o","cantidade":2.1888412017167},{"tipo":"Educa\u00e7\u00e3o F\u00edsica","cantidade":0.55793991416309},{"tipo":"Enfermagem","cantidade":0.68669527896996},{"tipo":"Engenharia Agr\u00edcola","cantidade":3.0472103004292},{"tipo":"Engenharia Civil","cantidade":2.5321888412017},{"tipo":"Engenharia de Alimentos","cantidade":1.1587982832618},{"tipo":"Engenharia de Computa\u00e7\u00e3o","cantidade":0.72961373390558},{"tipo":"Engenharia de Controle e Automa\u00e7\u00e3o","cantidade":0.90128755364807},{"tipo":"Engenharia de Produ\u00e7\u00e3o","cantidade":0.42918454935622},{"tipo":"Engenharia de Produ\u00e7\u00e3o e de Manufatura","cantidade":0.12875536480687},{"tipo":"Engenharia de Telecomunica\u00e7\u00f5es","cantidade":0.042918454935622},{"tipo":"Engenharia El\u00e9trica","cantidade":5.4935622317597},{"tipo":"Engenharia Mec\u00e2nica","cantidade":2.3605150214592},{"tipo":"Engenharia Qu\u00edmica","cantidade":4.8068669527897},{"tipo":"Ensino e Hist\u00f3ria de Ci\u00eancias da Terra","cantidade":0.60085836909871},{"tipo":"Estat\u00edstica","cantidade":1.3733905579399},{"tipo":"Estomatopatologia","cantidade":0.72961373390558},{"tipo":"Farmacologia","cantidade":0.17167381974249},{"tipo":"Filosofia","cantidade":2.4892703862661},{"tipo":"F\u00edsica","cantidade":2.3605150214592},{"tipo":"Fisiopatologia M\u00e9dica","cantidade":0.68669527896996},{"tipo":"Gen\u00e9tica e Biologia Molecular","cantidade":1.0729613733906},{"tipo":"Geoci\u00eancias","cantidade":0.94420600858369},{"tipo":"Geografia","cantidade":0.72961373390558},{"tipo":"Gerontologia","cantidade":0.55793991416309},{"tipo":"Gest\u00e3o de Empresas","cantidade":0.21459227467811},{"tipo":"Gest\u00e3o de Pol\u00edticas P\u00fablicas","cantidade":0.12875536480687},{"tipo":"Gest\u00e3o do Agroneg\u00f3cio","cantidade":0.17167381974249},{"tipo":"Hist\u00f3ria","cantidade":2.3175965665236},{"tipo":"Licenciatura em Ci\u00eancias Biol\u00f3gicas","cantidade":0.72961373390558},{"tipo":"Licenciatura em F\u00edsica","cantidade":0.94420600858369},{"tipo":"Licenciatura em Letras - Portugu\u00eas","cantidade":0.30042918454936},{"tipo":"Licenciatura em Matem\u00e1tica","cantidade":1.1587982832618},{"tipo":"Licenciatura Integrada Qu\u00edmica\/F\u00edsica","cantidade":0.72961373390558},{"tipo":"Lingu\u00edstica","cantidade":2.1888412017167},{"tipo":"Lingu\u00edstica Aplicada","cantidade":1.5450643776824},{"tipo":"L\u00f3gica e Filosofia da Ci\u00eancia","cantidade":0.042918454935622},{"tipo":"Matem\u00e1tica","cantidade":0.47210300429185},{"tipo":"Matem\u00e1tica Aplicada","cantidade":0.085836909871245},{"tipo":"Matem\u00e1tica\/F\u00edsica\/Matem\u00e1tica Aplicada e Computacional","cantidade":0.12875536480687},{"tipo":"Materiais Dent\u00e1rios","cantidade":0.17167381974249},{"tipo":"Medicina","cantidade":1.1587982832618},{"tipo":"Mestr. em Economia Social e do Trabalho","cantidade":0.12875536480687},{"tipo":"Mestrado em Artes","cantidade":0.51502145922747},{"tipo":"Mestrado em Hist\u00f3ria Econ\u00f4mica","cantidade":0.30042918454936},{"tipo":"Mestrado em Odont. Legal e Deontologia","cantidade":0.30042918454936},{"tipo":"Mestrado em Ortodontia","cantidade":0.12875536480687},{"tipo":"Multimeios","cantidade":0.7725321888412},{"tipo":"M\u00fasica","cantidade":0.98712446351931},{"tipo":"Nutri\u00e7\u00e3o","cantidade":0.55793991416309},{"tipo":"Odontologia","cantidade":0.98712446351931},{"tipo":"Pedagogia","cantidade":3.4763948497854},{"tipo":"Pol\u00edtica Cient\u00edfica e Tecnol\u00f3gica","cantidade":0.81545064377682},{"tipo":"Programa de Forma\u00e7\u00e3o Interdisciplinar Superior - ProFIS","cantidade":0.34334763948498},{"tipo":"Qu\u00edmica","cantidade":2.9184549356223},{"tipo":"Qu\u00edmica Tecnol\u00f3gica","cantidade":0.3862660944206},{"tipo":"Radiologia Odontol\u00f3gica","cantidade":2.0171673819742},{"tipo":"Sa\u00fade Coletiva","cantidade":1.3304721030043},{"tipo":"Sa\u00fade da Crian\u00e7a e do Adolescente","cantidade":0.3862660944206},{"tipo":"Sociologia","cantidade":1.3304721030043},{"tipo":"Tecnologia","cantidade":0.12875536480687},{"tipo":"Tecnologia de Alimentos","cantidade":0.60085836909871},{"tipo":"Teoria e Hist\u00f3ria Liter\u00e1ria","cantidade":1.5021459227468},{"tipo":"Tocoginecologia","cantidade":1.3733905579399}]