[{"tipo":"Administra\u00e7\u00e3o","cantidade":0.052910052910053},{"tipo":"Administra\u00e7\u00e3o P\u00fablica","cantidade":0.052910052910053},{"tipo":"Alimentos e Nutri\u00e7\u00e3o","cantidade":0.35273368606702},{"tipo":"Ambiente e Sociedade","cantidade":0.12345679012346},{"tipo":"Antropologia Social","cantidade":0.40564373897707},{"tipo":"\u00c1rea Interdisciplinar de Planejamento de Sistemas Energ\u00e9ticos","cantidade":0.54673721340388},{"tipo":"Arquitetura e Urbanismo","cantidade":0.15873015873016},{"tipo":"Arquitetura, Tecnologia e Cidade","cantidade":0.10582010582011},{"tipo":"Artes C\u00eanicas","cantidade":0.24691358024691},{"tipo":"Artes da Cena","cantidade":0.12345679012346},{"tipo":"Artes Visuais","cantidade":0.28218694885362},{"tipo":"Bioenergia","cantidade":0.017636684303351},{"tipo":"Biologia Animal","cantidade":0.088183421516755},{"tipo":"Biologia Buco-Dental","cantidade":0.49382716049383},{"tipo":"Biologia Celular e Estrutural","cantidade":0.33509700176367},{"tipo":"Biologia Funcional e Molecular","cantidade":1.0405643738977},{"tipo":"Biologia Vegetal","cantidade":0.59964726631393},{"tipo":"Ci\u00eancia da Computa\u00e7\u00e3o","cantidade":3.5802469135802},{"tipo":"Ci\u00eancia de Alimentos","cantidade":0.95238095238095},{"tipo":"Ci\u00eancia Pol\u00edtica","cantidade":0.31746031746032},{"tipo":"Ci\u00eancias Biol\u00f3gicas","cantidade":0.61728395061728},{"tipo":"Ci\u00eancias da Cirurgia","cantidade":0.40564373897707},{"tipo":"Ci\u00eancias da Nutri\u00e7\u00e3o e do Esporte e Metabolismo","cantidade":0.14109347442681},{"tipo":"Ci\u00eancias do Esporte","cantidade":0.26455026455026},{"tipo":"Ci\u00eancias e Engenharia de Petr\u00f3leo","cantidade":0.74074074074074},{"tipo":"Ci\u00eancias Econ\u00f4micas","cantidade":0.63492063492063},{"tipo":"Ci\u00eancias M\u00e9dicas","cantidade":1.0582010582011},{"tipo":"Ci\u00eancias Sociais","cantidade":2.9276895943563},{"tipo":"Cl\u00ednica M\u00e9dica","cantidade":0.72310405643739},{"tipo":"Cl\u00ednica Odontol\u00f3gica","cantidade":2.0811287477954},{"tipo":"Comunica\u00e7\u00e3o Social - Midialogia","cantidade":0.42328042328042},{"tipo":"Curso Superior de Tecnologia da Constru\u00e7\u00e3o Civil","cantidade":1.0229276895944},{"tipo":"Curso Superior de Tecnologia em An\u00e1lise e Desenvolvimento de Sistemas","cantidade":0.84656084656085},{"tipo":"Curso Superior de Tecnologia em Constru\u00e7\u00e3o de Edif\u00edcios","cantidade":0.10582010582011},{"tipo":"Curso Superior de Tecnologia em Estradas","cantidade":0.088183421516755},{"tipo":"Curso Superior de Tecnologia em Saneamento Ambiental","cantidade":0.8289241622575},{"tipo":"Curso Superior de Tecnologia em Sistemas de Telecomunica\u00e7\u00f5es","cantidade":0.42328042328042},{"tipo":"Curso Superior de Tecnologia Sanit\u00e1ria","cantidade":0.12345679012346},{"tipo":"Dan\u00e7a","cantidade":0.035273368606702},{"tipo":"Demografia","cantidade":0.052910052910053},{"tipo":"Desenvolvimento Econ\u00f4mico","cantidade":0.9347442680776},{"tipo":"Divulga\u00e7\u00e3o Cient\u00edfica e Cultural","cantidade":0.10582010582011},{"tipo":"Doutorado em Artes","cantidade":0.10582010582011},{"tipo":"Ecologia","cantidade":0.49382716049383},{"tipo":"Economia","cantidade":0.9347442680776},{"tipo":"Educa\u00e7\u00e3o","cantidade":3.4920634920635},{"tipo":"Educa\u00e7\u00e3o F\u00edsica","cantidade":1.6402116402116},{"tipo":"Enfermagem","cantidade":0.58201058201058},{"tipo":"Engenharia Agr\u00edcola","cantidade":1.8165784832451},{"tipo":"Engenharia Ambiental","cantidade":0.14109347442681},{"tipo":"Engenharia Civil","cantidade":1.9400352733686},{"tipo":"Engenharia de Alimentos","cantidade":2.4691358024691},{"tipo":"Engenharia de Computa\u00e7\u00e3o","cantidade":1.5520282186949},{"tipo":"Engenharia de Controle e Automa\u00e7\u00e3o","cantidade":1.1287477954145},{"tipo":"Engenharia de Manufatura","cantidade":0.10582010582011},{"tipo":"Engenharia de Petr\u00f3leo","cantidade":0.070546737213404},{"tipo":"Engenharia de Produ\u00e7\u00e3o","cantidade":0.26455026455026},{"tipo":"Engenharia de Produ\u00e7\u00e3o e de Manufatura","cantidade":0.052910052910053},{"tipo":"Engenharia de Telecomunica\u00e7\u00f5es","cantidade":0.28218694885362},{"tipo":"Engenharia El\u00e9trica","cantidade":6.0846560846561},{"tipo":"Engenharia Mec\u00e2nica","cantidade":3.2980599647266},{"tipo":"Engenharia Qu\u00edmica","cantidade":4.021164021164},{"tipo":"Ensino e Hist\u00f3ria de Ci\u00eancias da Terra","cantidade":0.24691358024691},{"tipo":"Estat\u00edstica","cantidade":0.88183421516755},{"tipo":"Estomatopatologia","cantidade":0.28218694885362},{"tipo":"Estudos Liter\u00e1rios","cantidade":0.12345679012346},{"tipo":"Farm\u00e1cia","cantidade":0.17636684303351},{"tipo":"Farmacologia","cantidade":0.29982363315697},{"tipo":"Filosofia","cantidade":2.663139329806},{"tipo":"F\u00edsica","cantidade":3.2627865961199},{"tipo":"Fisiopatologia M\u00e9dica","cantidade":0.17636684303351},{"tipo":"Fonoaudiologia","cantidade":0.26455026455026},{"tipo":"Gen\u00e9tica e Biologia Molecular","cantidade":1.5696649029982},{"tipo":"Geoci\u00eancias","cantidade":0.51146384479718},{"tipo":"Geografia","cantidade":2.1693121693122},{"tipo":"Geologia","cantidade":0.24691358024691},{"tipo":"Gerontologia","cantidade":0.14109347442681},{"tipo":"Gest\u00e3o de Com\u00e9rcio Internacional","cantidade":0.12345679012346},{"tipo":"Gest\u00e3o de Empresas","cantidade":0.14109347442681},{"tipo":"Gest\u00e3o de Pol\u00edticas P\u00fablicas","cantidade":0.14109347442681},{"tipo":"Gest\u00e3o do Agroneg\u00f3cio","cantidade":0.17636684303351},{"tipo":"Hist\u00f3ria","cantidade":2.663139329806},{"tipo":"Licenciatura em Ci\u00eancias Biol\u00f3gicas","cantidade":0.77601410934744},{"tipo":"Licenciatura em F\u00edsica","cantidade":0.91710758377425},{"tipo":"Licenciatura em Letras - Portugu\u00eas","cantidade":0.59964726631393},{"tipo":"Licenciatura em Matem\u00e1tica","cantidade":0.68783068783069},{"tipo":"Licenciatura Integrada Qu\u00edmica\/F\u00edsica","cantidade":0.38800705467372},{"tipo":"Lingu\u00edstica","cantidade":2.6455026455026},{"tipo":"Lingu\u00edstica Aplicada","cantidade":0.77601410934744},{"tipo":"L\u00f3gica e Filosofia da Ci\u00eancia","cantidade":0.052910052910053},{"tipo":"Matem\u00e1tica","cantidade":2.2222222222222},{"tipo":"Matem\u00e1tica Aplicada","cantidade":1.2345679012346},{"tipo":"Matem\u00e1tica Aplicada e Computacional","cantidade":0.81128747795414},{"tipo":"Matem\u00e1tica\/F\u00edsica\/Matem\u00e1tica Aplicada e Computacional","cantidade":0.47619047619048},{"tipo":"Materiais Dent\u00e1rios","cantidade":0.54673721340388},{"tipo":"Medicina","cantidade":1.3932980599647},{"tipo":"Mestr. em Economia Social e do Trabalho","cantidade":0.070546737213404},{"tipo":"Mestrado em Anatomia Patol\u00f3gica","cantidade":0.035273368606702},{"tipo":"Mestrado em Artes","cantidade":0.38800705467372},{"tipo":"Mestrado em Hist\u00f3ria Econ\u00f4mica","cantidade":0.070546737213404},{"tipo":"Mestrado em Odont. Legal e Deontologia","cantidade":0.070546737213404},{"tipo":"Mestrado em Ortodontia","cantidade":0.017636684303351},{"tipo":"Mestrado em Sa\u00fade Mental","cantidade":0.017636684303351},{"tipo":"Mestrado Profissional em Qualidade","cantidade":0.052910052910053},{"tipo":"Multimeios","cantidade":0.49382716049383},{"tipo":"Multiunidades em Ensino de Ci\u00eancias e Matem\u00e1tica","cantidade":0.070546737213404},{"tipo":"M\u00fasica","cantidade":0.75837742504409},{"tipo":"Nutri\u00e7\u00e3o","cantidade":0.21164021164021},{"tipo":"Odontologia","cantidade":1.0934744268078},{"tipo":"Pedagogia","cantidade":2.5044091710758},{"tipo":"Pol\u00edtica Cient\u00edfica e Tecnol\u00f3gica","cantidade":0.42328042328042},{"tipo":"Programa de Forma\u00e7\u00e3o Interdisciplinar Superior - ProFIS","cantidade":0.17636684303351},{"tipo":"Qu\u00edmica","cantidade":3.668430335097},{"tipo":"Qu\u00edmica Tecnol\u00f3gica","cantidade":0.37037037037037},{"tipo":"Radiologia Odontol\u00f3gica","cantidade":0.61728395061728},{"tipo":"Sa\u00fade Coletiva","cantidade":0.72310405643739},{"tipo":"Sa\u00fade da Crian\u00e7a e do Adolescente","cantidade":0.70546737213404},{"tipo":"Sa\u00fade, Interdisciplinaridade e Reabilita\u00e7\u00e3o","cantidade":0.052910052910053},{"tipo":"Sistemas de Informa\u00e7\u00e3o","cantidade":0.10582010582011},{"tipo":"Sociologia","cantidade":0.40564373897707},{"tipo":"Superior Tecnologia em Saneamento Ambiental","cantidade":0.10582010582011},{"tipo":"Tecnologia","cantidade":0.12345679012346},{"tipo":"Tecnologia de Alimentos","cantidade":0.47619047619048},{"tipo":"Teoria e Hist\u00f3ria Liter\u00e1ria","cantidade":1.0934744268078},{"tipo":"Tocoginecologia","cantidade":0.37037037037037}]