[{"tipo":"Administra\u00e7\u00e3o","cantidade":0.11123470522803},{"tipo":"Alimentos e Nutri\u00e7\u00e3o","cantidade":1.0011123470523},{"tipo":"Ambiente e Sociedade","cantidade":0.18539117538005},{"tipo":"Antropologia Social","cantidade":1.0011123470523},{"tipo":"\u00c1rea Interdisciplinar de Planejamento de Sistemas Energ\u00e9ticos","cantidade":0.48201705598813},{"tipo":"Arquitetura e Urbanismo","cantidade":0.18539117538005},{"tipo":"Arquitetura, Tecnologia e Cidade","cantidade":0.33370411568409},{"tipo":"Artes C\u00eanicas","cantidade":1.0381905821283},{"tipo":"Artes da Cena","cantidade":0.03707823507601},{"tipo":"Artes Visuais","cantidade":0.25954764553207},{"tipo":"Bioci\u00eancias e Tecnologia de Produtos Bioativos","cantidade":0.11123470522803},{"tipo":"Biologia Animal","cantidade":0.18539117538005},{"tipo":"Biologia Buco-Dental","cantidade":0.33370411568409},{"tipo":"Biologia Celular e Estrutural","cantidade":0.14831294030404},{"tipo":"Biologia Funcional e Molecular","cantidade":1.0381905821283},{"tipo":"Biologia Vegetal","cantidade":0.40786058583611},{"tipo":"Ci\u00eancia da Computa\u00e7\u00e3o","cantidade":3.0033370411568},{"tipo":"Ci\u00eancia de Alimentos","cantidade":1.2977382276604},{"tipo":"Ci\u00eancia Pol\u00edtica","cantidade":0.66740823136819},{"tipo":"Ci\u00eancias Biol\u00f3gicas","cantidade":0.25954764553207},{"tipo":"Ci\u00eancias da Cirurgia","cantidade":0.66740823136819},{"tipo":"Ci\u00eancias do Esporte","cantidade":0.11123470522803},{"tipo":"Ci\u00eancias e Engenharia de Petr\u00f3leo","cantidade":0.3707823507601},{"tipo":"Ci\u00eancias Econ\u00f4micas","cantidade":0.63032999629218},{"tipo":"Ci\u00eancias M\u00e9dicas","cantidade":1.2606599925844},{"tipo":"Ci\u00eancias Sociais","cantidade":1.7797552836485},{"tipo":"Cl\u00ednica M\u00e9dica","cantidade":0.55617352614016},{"tipo":"Cl\u00ednica Odontol\u00f3gica","cantidade":1.7055988134965},{"tipo":"Curso Superior de Tecnologia da Constru\u00e7\u00e3o Civil","cantidade":0.40786058583611},{"tipo":"Curso Superior de Tecnologia em An\u00e1lise e Desenvolvimento de Sistemas","cantidade":0.40786058583611},{"tipo":"Curso Superior de Tecnologia em Constru\u00e7\u00e3o de Edif\u00edcios","cantidade":0.22246941045606},{"tipo":"Curso Superior de Tecnologia em Saneamento Ambiental","cantidade":0.18539117538005},{"tipo":"Dan\u00e7a","cantidade":0.66740823136819},{"tipo":"Desenvolvimento Econ\u00f4mico","cantidade":1.1494252873563},{"tipo":"Divulga\u00e7\u00e3o Cient\u00edfica e Cultural","cantidade":0.22246941045606},{"tipo":"Ecologia","cantidade":1.2235817575083},{"tipo":"Economia","cantidade":0.88987764182425},{"tipo":"Educa\u00e7\u00e3o","cantidade":5.7842046718576},{"tipo":"Educa\u00e7\u00e3o F\u00edsica","cantidade":3.1516499814609},{"tipo":"Enfermagem","cantidade":0.3707823507601},{"tipo":"Engenharia Agr\u00edcola","cantidade":0.81572117167223},{"tipo":"Engenharia Ambiental","cantidade":0.074156470152021},{"tipo":"Engenharia Civil","cantidade":1.8909899888765},{"tipo":"Engenharia de Alimentos","cantidade":3.3370411568409},{"tipo":"Engenharia de Computa\u00e7\u00e3o","cantidade":2.3359288097887},{"tipo":"Engenharia de Controle e Automa\u00e7\u00e3o","cantidade":1.0381905821283},{"tipo":"Engenharia de Manufatura","cantidade":0.51909529106415},{"tipo":"Engenharia de Petr\u00f3leo","cantidade":0.03707823507601},{"tipo":"Engenharia El\u00e9trica","cantidade":5.6358917315536},{"tipo":"Engenharia Mec\u00e2nica","cantidade":3.3741193919169},{"tipo":"Engenharia Qu\u00edmica","cantidade":5.8954393770857},{"tipo":"Ensino e Hist\u00f3ria de Ci\u00eancias da Terra","cantidade":0.44493882091212},{"tipo":"Estat\u00edstica","cantidade":0.3707823507601},{"tipo":"Estudos Liter\u00e1rios","cantidade":0.14831294030404},{"tipo":"Farm\u00e1cia","cantidade":0.18539117538005},{"tipo":"Farmacologia","cantidade":0.63032999629218},{"tipo":"Filosofia","cantidade":1.0752688172043},{"tipo":"F\u00edsica","cantidade":2.6696329254727},{"tipo":"Fisiopatologia M\u00e9dica","cantidade":0.18539117538005},{"tipo":"Fonoaudiologia","cantidade":0.48201705598813},{"tipo":"Gen\u00e9tica e Biologia Molecular","cantidade":0.44493882091212},{"tipo":"Geoci\u00eancias","cantidade":0.14831294030404},{"tipo":"Geografia","cantidade":0.85279940674824},{"tipo":"Gest\u00e3o de Com\u00e9rcio Internacional","cantidade":0.63032999629218},{"tipo":"Gest\u00e3o de Empresas","cantidade":0.03707823507601},{"tipo":"Hist\u00f3ria","cantidade":1.6685205784205},{"tipo":"Licenciatura em Ci\u00eancias Biol\u00f3gicas","cantidade":0.3707823507601},{"tipo":"Licenciatura em Letras - Portugu\u00eas","cantidade":0.25954764553207},{"tipo":"Licenciatura em Matem\u00e1tica","cantidade":0.85279940674824},{"tipo":"Licenciatura Integrada Qu\u00edmica\/F\u00edsica","cantidade":0.22246941045606},{"tipo":"Lingu\u00edstica","cantidade":2.6696329254727},{"tipo":"Lingu\u00edstica Aplicada","cantidade":0.63032999629218},{"tipo":"Matem\u00e1tica","cantidade":1.6314423433445},{"tipo":"Matem\u00e1tica Aplicada","cantidade":3.0404152762329},{"tipo":"Matem\u00e1tica Aplicada e Computacional","cantidade":0.44493882091212},{"tipo":"Matem\u00e1tica\/F\u00edsica\/Matem\u00e1tica Aplicada e Computacional","cantidade":0.14831294030404},{"tipo":"Materiais Dent\u00e1rios","cantidade":0.92695587690026},{"tipo":"Medicina","cantidade":1.1123470522803},{"tipo":"Mestr. em Economia Social e do Trabalho","cantidade":0.14831294030404},{"tipo":"Mestrado em Artes","cantidade":0.66740823136819},{"tipo":"Mestrado em Neuroci\u00eancias","cantidade":0.074156470152021},{"tipo":"Multimeios","cantidade":0.22246941045606},{"tipo":"Multiunidades em Ensino de Ci\u00eancias e Matem\u00e1tica","cantidade":0.11123470522803},{"tipo":"M\u00fasica","cantidade":3.2999629217649},{"tipo":"Nutri\u00e7\u00e3o","cantidade":0.18539117538005},{"tipo":"Odontologia","cantidade":2.2988505747126},{"tipo":"Pedagogia","cantidade":1.4089729328884},{"tipo":"Pol\u00edtica Cient\u00edfica e Tecnol\u00f3gica","cantidade":1.2235817575083},{"tipo":"Programa de Forma\u00e7\u00e3o Interdisciplinar Superior - ProFIS","cantidade":0.074156470152021},{"tipo":"Qu\u00edmica","cantidade":4.3752317389692},{"tipo":"Qu\u00edmica Tecnol\u00f3gica","cantidade":0.074156470152021},{"tipo":"Radiologia Odontol\u00f3gica","cantidade":0.22246941045606},{"tipo":"Sa\u00fade Coletiva","cantidade":0.88987764182425},{"tipo":"Sa\u00fade da Crian\u00e7a e do Adolescente","cantidade":0.88987764182425},{"tipo":"Sociologia","cantidade":0.25954764553207},{"tipo":"Tecnologia de Alimentos","cantidade":1.1494252873563},{"tipo":"Teoria e Hist\u00f3ria Liter\u00e1ria","cantidade":1.1865035224323},{"tipo":"Tocoginecologia","cantidade":0.14831294030404}]