[{"tipo":"Alimentos e Nutri\u00e7\u00e3o","cantidade":0.47169811320755},{"tipo":"Ambiente e Sociedade","cantidade":2.3584905660377},{"tipo":"\u00c1rea Interdisciplinar de Planejamento de Sistemas Energ\u00e9ticos","cantidade":2.3584905660377},{"tipo":"Biologia Celular e Estrutural","cantidade":4.7169811320755},{"tipo":"Ci\u00eancia de Alimentos","cantidade":7.0754716981132},{"tipo":"Ci\u00eancias da Cirurgia","cantidade":4.2452830188679},{"tipo":"Ci\u00eancias Econ\u00f4micas","cantidade":1.4150943396226},{"tipo":"Ci\u00eancias Sociais","cantidade":2.8301886792453},{"tipo":"Cl\u00ednica M\u00e9dica","cantidade":1.4150943396226},{"tipo":"Curso Superior de Tecnologia em Saneamento Ambiental","cantidade":1.8867924528302},{"tipo":"Desenvolvimento Econ\u00f4mico","cantidade":4.7169811320755},{"tipo":"Economia","cantidade":0.47169811320755},{"tipo":"Educa\u00e7\u00e3o","cantidade":5.6603773584906},{"tipo":"Educa\u00e7\u00e3o F\u00edsica","cantidade":4.2452830188679},{"tipo":"Engenharia Civil","cantidade":5.6603773584906},{"tipo":"Engenharia de Alimentos","cantidade":3.7735849056604},{"tipo":"Engenharia El\u00e9trica","cantidade":1.4150943396226},{"tipo":"Engenharia Mec\u00e2nica","cantidade":3.7735849056604},{"tipo":"Engenharia Qu\u00edmica","cantidade":1.4150943396226},{"tipo":"Estomatopatologia","cantidade":1.4150943396226},{"tipo":"Gen\u00e9tica e Biologia Molecular","cantidade":1.4150943396226},{"tipo":"Geoci\u00eancias","cantidade":1.4150943396226},{"tipo":"Hist\u00f3ria","cantidade":1.8867924528302},{"tipo":"Lingu\u00edstica","cantidade":1.4150943396226},{"tipo":"Lingu\u00edstica Aplicada","cantidade":2.3584905660377},{"tipo":"Matem\u00e1tica","cantidade":7.5471698113208},{"tipo":"Matem\u00e1tica Aplicada","cantidade":0.94339622641509},{"tipo":"Medicina","cantidade":2.8301886792453},{"tipo":"Mestrado em Artes","cantidade":1.4150943396226},{"tipo":"M\u00fasica","cantidade":3.7735849056604},{"tipo":"Odontologia","cantidade":2.3584905660377},{"tipo":"Pol\u00edtica Cient\u00edfica e Tecnol\u00f3gica","cantidade":3.3018867924528},{"tipo":"Sa\u00fade Coletiva","cantidade":1.4150943396226},{"tipo":"Sociologia","cantidade":3.3018867924528},{"tipo":"Tecnologia de Alimentos","cantidade":0.94339622641509},{"tipo":"Teoria e Hist\u00f3ria Liter\u00e1ria","cantidade":0.94339622641509},{"tipo":"Tocoginecologia","cantidade":1.4150943396226}]