[{"tipo":"Administra\u00e7\u00e3o","cantidade":0.28195488721805},{"tipo":"Administra\u00e7\u00e3o P\u00fablica","cantidade":0.56390977443609},{"tipo":"Alimentos e Nutri\u00e7\u00e3o","cantidade":0.93984962406015},{"tipo":"\u00c1rea Interdisciplinar de Planejamento de Sistemas Energ\u00e9ticos","cantidade":0.56390977443609},{"tipo":"Arquitetura e Urbanismo","cantidade":0.28195488721805},{"tipo":"Arquitetura, Tecnologia e Cidade","cantidade":0.56390977443609},{"tipo":"Artes C\u00eanicas","cantidade":0.56390977443609},{"tipo":"Artes Visuais","cantidade":0.18796992481203},{"tipo":"Bioci\u00eancias e Tecnologia de Produtos Bioativos","cantidade":0.93984962406015},{"tipo":"Biologia Buco-Dental","cantidade":0.18796992481203},{"tipo":"Biologia Celular e Estrutural","cantidade":0.65789473684211},{"tipo":"Ci\u00eancia da Computa\u00e7\u00e3o","cantidade":2.6315789473684},{"tipo":"Ci\u00eancia de Alimentos","cantidade":0.37593984962406},{"tipo":"Ci\u00eancia Pol\u00edtica","cantidade":1.5037593984962},{"tipo":"Ci\u00eancias Biol\u00f3gicas","cantidade":0.37593984962406},{"tipo":"Ci\u00eancias da Cirurgia","cantidade":0.93984962406015},{"tipo":"Ci\u00eancias e Engenharia de Petr\u00f3leo","cantidade":0.56390977443609},{"tipo":"Ci\u00eancias Econ\u00f4micas","cantidade":1.1278195488722},{"tipo":"Ci\u00eancias M\u00e9dicas","cantidade":6.7669172932331},{"tipo":"Ci\u00eancias Sociais","cantidade":2.1616541353383},{"tipo":"Cl\u00ednica M\u00e9dica","cantidade":1.8796992481203},{"tipo":"Cl\u00ednica Odontol\u00f3gica","cantidade":4.0413533834586},{"tipo":"Curso Superior de Tecnologia da Constru\u00e7\u00e3o Civil","cantidade":0.37593984962406},{"tipo":"Curso Superior de Tecnologia em Constru\u00e7\u00e3o de Edif\u00edcios","cantidade":0.093984962406015},{"tipo":"Curso Superior de Tecnologia em Sistemas de Telecomunica\u00e7\u00f5es","cantidade":0.18796992481203},{"tipo":"Demografia","cantidade":0.28195488721805},{"tipo":"Desenvolvimento Econ\u00f4mico","cantidade":0.46992481203008},{"tipo":"Divulga\u00e7\u00e3o Cient\u00edfica e Cultural","cantidade":0.65789473684211},{"tipo":"Dout. Desen. Econ., Esp. e Meio Ambiente","cantidade":0.18796992481203},{"tipo":"Doutorado em Ortodontia","cantidade":0.46992481203008},{"tipo":"Ecologia","cantidade":0.84586466165414},{"tipo":"Economia","cantidade":0.46992481203008},{"tipo":"Educa\u00e7\u00e3o","cantidade":3.0075187969925},{"tipo":"Educa\u00e7\u00e3o F\u00edsica","cantidade":1.4097744360902},{"tipo":"Enfermagem","cantidade":0.37593984962406},{"tipo":"Engenharia Agr\u00edcola","cantidade":2.4436090225564},{"tipo":"Engenharia Civil","cantidade":2.2556390977444},{"tipo":"Engenharia de Alimentos","cantidade":1.7857142857143},{"tipo":"Engenharia de Computa\u00e7\u00e3o","cantidade":2.5375939849624},{"tipo":"Engenharia de Controle e Automa\u00e7\u00e3o","cantidade":1.4097744360902},{"tipo":"Engenharia El\u00e9trica","cantidade":5.1691729323308},{"tipo":"Engenharia Mec\u00e2nica","cantidade":2.4436090225564},{"tipo":"Engenharia Qu\u00edmica","cantidade":3.5714285714286},{"tipo":"Estat\u00edstica","cantidade":0.093984962406015},{"tipo":"Estomatopatologia","cantidade":0.56390977443609},{"tipo":"Estudos Liter\u00e1rios","cantidade":0.37593984962406},{"tipo":"Farmacologia","cantidade":0.46992481203008},{"tipo":"Filosofia","cantidade":2.0676691729323},{"tipo":"F\u00edsica","cantidade":2.6315789473684},{"tipo":"Fisiopatologia M\u00e9dica","cantidade":0.84586466165414},{"tipo":"Fonoaudiologia","cantidade":0.28195488721805},{"tipo":"Gen\u00e9tica e Biologia Molecular","cantidade":0.46992481203008},{"tipo":"Geoci\u00eancias","cantidade":0.28195488721805},{"tipo":"Geografia","cantidade":1.2218045112782},{"tipo":"Hist\u00f3ria","cantidade":1.1278195488722},{"tipo":"Licenciatura em Ci\u00eancias Biol\u00f3gicas","cantidade":0.28195488721805},{"tipo":"Licenciatura em F\u00edsica","cantidade":1.2218045112782},{"tipo":"Licenciatura em Letras - Portugu\u00eas","cantidade":0.46992481203008},{"tipo":"Licenciatura em Matem\u00e1tica","cantidade":0.84586466165414},{"tipo":"Licenciatura Integrada Qu\u00edmica\/F\u00edsica","cantidade":0.75187969924812},{"tipo":"Lingu\u00edstica","cantidade":0.65789473684211},{"tipo":"Matem\u00e1tica","cantidade":0.37593984962406},{"tipo":"Matem\u00e1tica Aplicada","cantidade":1.5037593984962},{"tipo":"Matem\u00e1tica Aplicada e Computacional","cantidade":0.65789473684211},{"tipo":"Materiais Dent\u00e1rios","cantidade":0.75187969924812},{"tipo":"Medicina","cantidade":2.6315789473684},{"tipo":"Mestrado Profissional em Qualidade","cantidade":0.18796992481203},{"tipo":"Multimeios","cantidade":0.93984962406015},{"tipo":"Multiunidades em Ensino de Ci\u00eancias e Matem\u00e1tica","cantidade":0.093984962406015},{"tipo":"M\u00fasica","cantidade":0.75187969924812},{"tipo":"Nutri\u00e7\u00e3o","cantidade":0.18796992481203},{"tipo":"Odontologia","cantidade":1.0338345864662},{"tipo":"Pedagogia","cantidade":2.7255639097744},{"tipo":"Pol\u00edtica Cient\u00edfica e Tecnol\u00f3gica","cantidade":0.65789473684211},{"tipo":"Programa de Forma\u00e7\u00e3o Interdisciplinar Superior - ProFIS","cantidade":0.56390977443609},{"tipo":"Qu\u00edmica","cantidade":8.7406015037594},{"tipo":"Qu\u00edmica Tecnol\u00f3gica","cantidade":1.1278195488722},{"tipo":"Radiologia Odontol\u00f3gica","cantidade":0.56390977443609},{"tipo":"Sa\u00fade Coletiva","cantidade":0.75187969924812},{"tipo":"Sa\u00fade da Crian\u00e7a e do Adolescente","cantidade":0.37593984962406},{"tipo":"Sociologia","cantidade":0.46992481203008},{"tipo":"Tecnologia de Alimentos","cantidade":0.65789473684211},{"tipo":"Tocoginecologia","cantidade":1.0338345864662}]