[{"tipo":"Administra\u00e7\u00e3o","cantidade":0.31407035175879},{"tipo":"Alimentos e Nutri\u00e7\u00e3o","cantidade":0.43969849246231},{"tipo":"Ambiente e Sociedade","cantidade":0.31407035175879},{"tipo":"Antropologia Social","cantidade":0.56532663316583},{"tipo":"\u00c1rea Interdisciplinar de Planejamento de Sistemas Energ\u00e9ticos","cantidade":0.56532663316583},{"tipo":"Artes C\u00eanicas","cantidade":0.50251256281407},{"tipo":"Artes da Cena","cantidade":0.062814070351759},{"tipo":"Artes Visuais","cantidade":0.25125628140704},{"tipo":"Bioci\u00eancias e Tecnologia de Produtos Bioativos","cantidade":0.25125628140704},{"tipo":"Biologia Celular e Estrutural","cantidade":1.0050251256281},{"tipo":"Biologia Funcional e Molecular","cantidade":2.3241206030151},{"tipo":"Biologia Vegetal","cantidade":4.1457286432161},{"tipo":"Ci\u00eancia da Computa\u00e7\u00e3o","cantidade":5.0251256281407},{"tipo":"Ci\u00eancia de Alimentos","cantidade":0.31407035175879},{"tipo":"Ci\u00eancia Pol\u00edtica","cantidade":0.75376884422111},{"tipo":"Ci\u00eancias Biol\u00f3gicas","cantidade":0.81658291457286},{"tipo":"Ci\u00eancias da Cirurgia","cantidade":0.87939698492462},{"tipo":"Ci\u00eancias e Engenharia de Petr\u00f3leo","cantidade":0.12562814070352},{"tipo":"Ci\u00eancias Econ\u00f4micas","cantidade":1.1934673366834},{"tipo":"Ci\u00eancias Farmac\u00eauticas","cantidade":0.062814070351759},{"tipo":"Ci\u00eancias M\u00e9dicas","cantidade":1.570351758794},{"tipo":"Ci\u00eancias Sociais","cantidade":3.9572864321608},{"tipo":"Cl\u00ednica M\u00e9dica","cantidade":0.56532663316583},{"tipo":"Cl\u00ednica Odontol\u00f3gica","cantidade":0.25125628140704},{"tipo":"Curso Superior de Tecnologia em An\u00e1lise e Desenvolvimento de Sistemas","cantidade":0.50251256281407},{"tipo":"Curso Superior de Tecnologia em Constru\u00e7\u00e3o de Edif\u00edcios","cantidade":0.18844221105528},{"tipo":"Curso Superior de Tecnologia em Saneamento Ambiental","cantidade":0.50251256281407},{"tipo":"Curso Superior de Tecnologia Sanit\u00e1ria","cantidade":0.94221105527638},{"tipo":"Dan\u00e7a","cantidade":0.25125628140704},{"tipo":"Demografia","cantidade":0.94221105527638},{"tipo":"Desenvolvimento Econ\u00f4mico","cantidade":0.43969849246231},{"tipo":"Ecologia","cantidade":0.31407035175879},{"tipo":"Economia","cantidade":0.062814070351759},{"tipo":"Educa\u00e7\u00e3o","cantidade":5.4020100502513},{"tipo":"Educa\u00e7\u00e3o F\u00edsica","cantidade":1.1306532663317},{"tipo":"Enfermagem","cantidade":1.6959798994975},{"tipo":"Engenharia Agr\u00edcola","cantidade":2.4497487437186},{"tipo":"Engenharia Ambiental","cantidade":0.50251256281407},{"tipo":"Engenharia Civil","cantidade":3.0778894472362},{"tipo":"Engenharia de Alimentos","cantidade":3.0150753768844},{"tipo":"Engenharia de Computa\u00e7\u00e3o","cantidade":2.1356783919598},{"tipo":"Engenharia de Controle e Automa\u00e7\u00e3o","cantidade":1.3190954773869},{"tipo":"Engenharia de Manufatura","cantidade":0.43969849246231},{"tipo":"Engenharia El\u00e9trica","cantidade":4.8994974874372},{"tipo":"Engenharia Mec\u00e2nica","cantidade":6.2814070351759},{"tipo":"Engenharia Qu\u00edmica","cantidade":3.4547738693467},{"tipo":"Estat\u00edstica","cantidade":0.25125628140704},{"tipo":"Farmacologia","cantidade":0.75376884422111},{"tipo":"Filosofia","cantidade":1.2562814070352},{"tipo":"F\u00edsica","cantidade":1.6959798994975},{"tipo":"Fisiopatologia M\u00e9dica","cantidade":0.31407035175879},{"tipo":"Fonoaudiologia","cantidade":0.25125628140704},{"tipo":"Gen\u00e9tica e Biologia Molecular","cantidade":0.62814070351759},{"tipo":"Geoci\u00eancias","cantidade":0.18844221105528},{"tipo":"Geografia","cantidade":1.5075376884422},{"tipo":"Gest\u00e3o de Com\u00e9rcio Internacional","cantidade":0.25125628140704},{"tipo":"Gest\u00e3o de Empresas","cantidade":0.25125628140704},{"tipo":"Hist\u00f3ria","cantidade":1.6959798994975},{"tipo":"Licenciatura em F\u00edsica","cantidade":0.43969849246231},{"tipo":"Licenciatura em Letras - Portugu\u00eas","cantidade":1.1306532663317},{"tipo":"Licenciatura Integrada Qu\u00edmica\/F\u00edsica","cantidade":0.50251256281407},{"tipo":"Lingu\u00edstica","cantidade":2.9522613065327},{"tipo":"Lingu\u00edstica Aplicada","cantidade":0.25125628140704},{"tipo":"Matem\u00e1tica","cantidade":2.7638190954774},{"tipo":"Matem\u00e1tica Aplicada","cantidade":0.75376884422111},{"tipo":"Matem\u00e1tica Aplicada e Computacional","cantidade":0.37688442211055},{"tipo":"Materiais Dent\u00e1rios","cantidade":0.37688442211055},{"tipo":"Medicina","cantidade":2.8266331658291},{"tipo":"Mestrado em Artes","cantidade":0.43969849246231},{"tipo":"Mestrado em Odont. Legal e Deontologia","cantidade":0.25125628140704},{"tipo":"Mestrado Profissional em Qualidade","cantidade":0.12562814070352},{"tipo":"Multimeios","cantidade":0.25125628140704},{"tipo":"Multiunidades em Ensino de Ci\u00eancias e Matem\u00e1tica","cantidade":0.50251256281407},{"tipo":"M\u00fasica","cantidade":0.25125628140704},{"tipo":"Nutri\u00e7\u00e3o","cantidade":0.31407035175879},{"tipo":"Odontologia","cantidade":0.50251256281407},{"tipo":"Pedagogia","cantidade":2.4497487437186},{"tipo":"Pol\u00edtica Cient\u00edfica e Tecnol\u00f3gica","cantidade":0.81658291457286},{"tipo":"Programa de Forma\u00e7\u00e3o Interdisciplinar Superior - ProFIS","cantidade":0.50251256281407},{"tipo":"Qu\u00edmica","cantidade":3.1407035175879},{"tipo":"Sa\u00fade da Crian\u00e7a e do Adolescente","cantidade":0.18844221105528},{"tipo":"Sociologia","cantidade":0.62814070351759},{"tipo":"Tecnologia","cantidade":0.18844221105528},{"tipo":"Teoria e Hist\u00f3ria Liter\u00e1ria","cantidade":0.94221105527638},{"tipo":"Tocoginecologia","cantidade":0.87939698492462}]