[{"tipo":"Administra\u00e7\u00e3o","cantidade":0.18518518518519},{"tipo":"Alimentos e Nutri\u00e7\u00e3o","cantidade":0.092592592592593},{"tipo":"Ambiente e Sociedade","cantidade":0.18518518518519},{"tipo":"Antropologia Social","cantidade":0.74074074074074},{"tipo":"Arquitetura e Urbanismo","cantidade":0.32407407407407},{"tipo":"Arquitetura, Tecnologia e Cidade","cantidade":0.41666666666667},{"tipo":"Artes Visuais","cantidade":0.27777777777778},{"tipo":"Biologia Buco-Dental","cantidade":0.13888888888889},{"tipo":"Biologia Celular e Estrutural","cantidade":1.1111111111111},{"tipo":"Biologia Funcional e Molecular","cantidade":2.3148148148148},{"tipo":"Biologia Vegetal","cantidade":0.50925925925926},{"tipo":"Ci\u00eancia da Computa\u00e7\u00e3o","cantidade":4.7685185185185},{"tipo":"Ci\u00eancia de Alimentos","cantidade":0.55555555555556},{"tipo":"Ci\u00eancia Pol\u00edtica","cantidade":0.23148148148148},{"tipo":"Ci\u00eancias Biol\u00f3gicas","cantidade":0.83333333333333},{"tipo":"Ci\u00eancias da Cirurgia","cantidade":0.78703703703704},{"tipo":"Ci\u00eancias da Nutri\u00e7\u00e3o e do Esporte e Metabolismo","cantidade":0.13888888888889},{"tipo":"Ci\u00eancias e Engenharia de Petr\u00f3leo","cantidade":0.97222222222222},{"tipo":"Ci\u00eancias Econ\u00f4micas","cantidade":1.2962962962963},{"tipo":"Ci\u00eancias M\u00e9dicas","cantidade":1.3425925925926},{"tipo":"Ci\u00eancias Sociais","cantidade":2.5},{"tipo":"Cl\u00ednica M\u00e9dica","cantidade":1.9444444444444},{"tipo":"Cl\u00ednica Odontol\u00f3gica","cantidade":1.7592592592593},{"tipo":"Curso Superior de Tecnologia da Constru\u00e7\u00e3o Civil","cantidade":0.13888888888889},{"tipo":"Curso Superior de Tecnologia em Saneamento Ambiental","cantidade":0.27777777777778},{"tipo":"Curso Superior de Tecnologia em Sistemas de Telecomunica\u00e7\u00f5es","cantidade":0.23148148148148},{"tipo":"Dan\u00e7a","cantidade":0.50925925925926},{"tipo":"Desenvolvimento Econ\u00f4mico","cantidade":1.3425925925926},{"tipo":"Divulga\u00e7\u00e3o Cient\u00edfica e Cultural","cantidade":0.13888888888889},{"tipo":"Doutorado em Artes","cantidade":0.41666666666667},{"tipo":"Doutorado em Economia do Setor P\u00fablico","cantidade":0.046296296296296},{"tipo":"Ecologia","cantidade":0.092592592592593},{"tipo":"Economia","cantidade":0.60185185185185},{"tipo":"Educa\u00e7\u00e3o","cantidade":2.6851851851852},{"tipo":"Educa\u00e7\u00e3o F\u00edsica","cantidade":0.13888888888889},{"tipo":"Enfermagem","cantidade":0.18518518518519},{"tipo":"Engenharia Agr\u00edcola","cantidade":0.97222222222222},{"tipo":"Engenharia Civil","cantidade":2.7777777777778},{"tipo":"Engenharia de Alimentos","cantidade":1.8981481481481},{"tipo":"Engenharia de Computa\u00e7\u00e3o","cantidade":2.4074074074074},{"tipo":"Engenharia de Controle e Automa\u00e7\u00e3o","cantidade":1.5277777777778},{"tipo":"Engenharia de Produ\u00e7\u00e3o","cantidade":0.41666666666667},{"tipo":"Engenharia El\u00e9trica","cantidade":9.2592592592593},{"tipo":"Engenharia Mec\u00e2nica","cantidade":4.8148148148148},{"tipo":"Engenharia Qu\u00edmica","cantidade":7.5925925925926},{"tipo":"Estat\u00edstica","cantidade":0.37037037037037},{"tipo":"Estomatopatologia","cantidade":0.97222222222222},{"tipo":"Farm\u00e1cia","cantidade":0.23148148148148},{"tipo":"Farmacologia","cantidade":0.23148148148148},{"tipo":"Filosofia","cantidade":0.27777777777778},{"tipo":"F\u00edsica","cantidade":3.6111111111111},{"tipo":"Gen\u00e9tica e Biologia Molecular","cantidade":1.25},{"tipo":"Geoci\u00eancias","cantidade":0.41666666666667},{"tipo":"Geografia","cantidade":0.32407407407407},{"tipo":"Gest\u00e3o de Empresas","cantidade":0.046296296296296},{"tipo":"Hist\u00f3ria","cantidade":1.3425925925926},{"tipo":"Licenciatura em F\u00edsica","cantidade":0.23148148148148},{"tipo":"Licenciatura em Letras - Portugu\u00eas","cantidade":0.41666666666667},{"tipo":"Licenciatura em Matem\u00e1tica","cantidade":0.55555555555556},{"tipo":"Lingu\u00edstica","cantidade":1.7592592592593},{"tipo":"Lingu\u00edstica Aplicada","cantidade":0.23148148148148},{"tipo":"Matem\u00e1tica","cantidade":2.7777777777778},{"tipo":"Matem\u00e1tica Aplicada","cantidade":1.5740740740741},{"tipo":"Matem\u00e1tica Aplicada e Computacional","cantidade":0.69444444444444},{"tipo":"Matem\u00e1tica\/F\u00edsica\/Matem\u00e1tica Aplicada e Computacional","cantidade":0.55555555555556},{"tipo":"Materiais Dent\u00e1rios","cantidade":0.55555555555556},{"tipo":"Medicina","cantidade":2.5},{"tipo":"Mestrado em Artes","cantidade":0.37037037037037},{"tipo":"Mestrado em Odont. Legal e Deontologia","cantidade":0.92592592592593},{"tipo":"Mestrado Profissional em Qualidade","cantidade":0.092592592592593},{"tipo":"Multimeios","cantidade":0.13888888888889},{"tipo":"Multiunidades em Ensino de Ci\u00eancias e Matem\u00e1tica","cantidade":0.046296296296296},{"tipo":"M\u00fasica","cantidade":2.5},{"tipo":"Odontologia","cantidade":1.6203703703704},{"tipo":"Pedagogia","cantidade":1.0648148148148},{"tipo":"Pol\u00edtica Cient\u00edfica e Tecnol\u00f3gica","cantidade":0.60185185185185},{"tipo":"Programa de Forma\u00e7\u00e3o Interdisciplinar Superior - ProFIS","cantidade":0.18518518518519},{"tipo":"Qu\u00edmica","cantidade":5.2314814814815},{"tipo":"Qu\u00edmica Tecnol\u00f3gica","cantidade":0.046296296296296},{"tipo":"Radiologia Odontol\u00f3gica","cantidade":0.41666666666667},{"tipo":"Sa\u00fade Coletiva","cantidade":0.37037037037037},{"tipo":"Sa\u00fade da Crian\u00e7a e do Adolescente","cantidade":0.46296296296296},{"tipo":"Sociologia","cantidade":0.87962962962963},{"tipo":"Tecnologia de Alimentos","cantidade":0.92592592592593},{"tipo":"Teoria e Hist\u00f3ria Liter\u00e1ria","cantidade":0.18518518518519},{"tipo":"Tocoginecologia","cantidade":1.1111111111111}]