[{"tipo":"Administra\u00e7\u00e3o","cantidade":0.19020446980504},{"tipo":"Alimentos e Nutri\u00e7\u00e3o","cantidade":0.66571564431764},{"tipo":"Ambiente e Sociedade","cantidade":0.38040893961008},{"tipo":"Antropologia Social","cantidade":0.33285782215882},{"tipo":"\u00c1rea Interdisciplinar de Planejamento de Sistemas Energ\u00e9ticos","cantidade":0.4755111745126},{"tipo":"Arquitetura e Urbanismo","cantidade":0.85592011412268},{"tipo":"Arquitetura, Tecnologia e Cidade","cantidade":0.33285782215882},{"tipo":"Artes C\u00eanicas","cantidade":0.33285782215882},{"tipo":"Artes da Cena","cantidade":0.2377555872563},{"tipo":"Artes Visuais","cantidade":0.28530670470756},{"tipo":"Biologia Animal","cantidade":0.52306229196386},{"tipo":"Biologia Buco-Dental","cantidade":0.85592011412268},{"tipo":"Biologia Celular e Estrutural","cantidade":0.61816452686638},{"tipo":"Biologia Funcional e Molecular","cantidade":0.52306229196386},{"tipo":"Biologia Vegetal","cantidade":0.61816452686638},{"tipo":"Ci\u00eancia da Computa\u00e7\u00e3o","cantidade":3.1383737517832},{"tipo":"Ci\u00eancia de Alimentos","cantidade":1.4265335235378},{"tipo":"Ci\u00eancia Pol\u00edtica","cantidade":0.4755111745126},{"tipo":"Ci\u00eancias Biol\u00f3gicas","cantidade":0.61816452686638},{"tipo":"Ci\u00eancias da Cirurgia","cantidade":0.76081787922016},{"tipo":"Ci\u00eancias da Nutri\u00e7\u00e3o e do Esporte e Metabolismo","cantidade":0.04755111745126},{"tipo":"Ci\u00eancias do Esporte","cantidade":0.2377555872563},{"tipo":"Ci\u00eancias e Engenharia de Petr\u00f3leo","cantidade":1.093675701379},{"tipo":"Ci\u00eancias Econ\u00f4micas","cantidade":0.9510223490252},{"tipo":"Ci\u00eancias Humanas e Sociais Aplicadas","cantidade":0.14265335235378},{"tipo":"Ci\u00eancias M\u00e9dicas","cantidade":0.90347123157394},{"tipo":"Ci\u00eancias Sociais","cantidade":2.3300047551117},{"tipo":"Cl\u00ednica M\u00e9dica","cantidade":0.9510223490252},{"tipo":"Cl\u00ednica Odontol\u00f3gica","cantidade":1.5216357584403},{"tipo":"Curso Superior de Tecnologia da Constru\u00e7\u00e3o Civil","cantidade":0.42796005706134},{"tipo":"Curso Superior de Tecnologia da Constru\u00e7\u00e3o Civil - Edif\u00edcios","cantidade":0.04755111745126},{"tipo":"Curso Superior de Tecnologia em An\u00e1lise e Desenvolvimento de Sistemas","cantidade":0.04755111745126},{"tipo":"Curso Superior de Tecnologia em Constru\u00e7\u00e3o de Edif\u00edcios","cantidade":0.04755111745126},{"tipo":"Curso Superior de Tecnologia em Saneamento Ambiental","cantidade":0.28530670470756},{"tipo":"Curso Superior de Tecnologia em Sistemas de Telecomunica\u00e7\u00f5es","cantidade":0.42796005706134},{"tipo":"Dan\u00e7a","cantidade":0.85592011412268},{"tipo":"Demografia","cantidade":0.7132667617689},{"tipo":"Desenvolvimento Econ\u00f4mico","cantidade":1.4740846409891},{"tipo":"Divulga\u00e7\u00e3o Cient\u00edfica e Cultural","cantidade":0.28530670470756},{"tipo":"Doutorado em Artes","cantidade":0.19020446980504},{"tipo":"Doutorado em Odont. Legal e Deontologia","cantidade":0.09510223490252},{"tipo":"Doutorado em Ortodontia","cantidade":0.19020446980504},{"tipo":"Ecologia","cantidade":0.66571564431764},{"tipo":"Economia","cantidade":0.7132667617689},{"tipo":"Educa\u00e7\u00e3o","cantidade":2.567760342368},{"tipo":"Educa\u00e7\u00e3o F\u00edsica","cantidade":1.7118402282454},{"tipo":"Enfermagem","cantidade":0.4755111745126},{"tipo":"Engenharia Agr\u00edcola","cantidade":1.8069424631479},{"tipo":"Engenharia Civil","cantidade":2.5202092249168},{"tipo":"Engenharia de Alimentos","cantidade":2.6628625772706},{"tipo":"Engenharia de Computa\u00e7\u00e3o","cantidade":1.093675701379},{"tipo":"Engenharia de Controle e Automa\u00e7\u00e3o","cantidade":1.0461245839277},{"tipo":"Engenharia de Petr\u00f3leo","cantidade":0.19020446980504},{"tipo":"Engenharia de Produ\u00e7\u00e3o","cantidade":0.28530670470756},{"tipo":"Engenharia de Produ\u00e7\u00e3o e de Manufatura","cantidade":0.09510223490252},{"tipo":"Engenharia El\u00e9trica","cantidade":6.5145030908226},{"tipo":"Engenharia Mec\u00e2nica","cantidade":4.6600095102235},{"tipo":"Engenharia Qu\u00edmica","cantidade":2.5202092249168},{"tipo":"Estat\u00edstica","cantidade":0.85592011412268},{"tipo":"Estomatopatologia","cantidade":0.90347123157394},{"tipo":"Farmacologia","cantidade":0.61816452686638},{"tipo":"Filosofia","cantidade":2.7104136947218},{"tipo":"F\u00edsica","cantidade":2.377555872563},{"tipo":"Fisiopatologia M\u00e9dica","cantidade":0.4755111745126},{"tipo":"Fonoaudiologia","cantidade":0.2377555872563},{"tipo":"Gen\u00e9tica e Biologia Molecular","cantidade":1.0461245839277},{"tipo":"Geoci\u00eancias","cantidade":1.7118402282454},{"tipo":"Geografia","cantidade":1.1412268188302},{"tipo":"Gerontologia","cantidade":0.14265335235378},{"tipo":"Gest\u00e3o de Empresas","cantidade":0.57061340941512},{"tipo":"Gest\u00e3o do Agroneg\u00f3cio","cantidade":0.2377555872563},{"tipo":"Hist\u00f3ria","cantidade":2.0922491678554},{"tipo":"Licenciatura em Ci\u00eancias Biol\u00f3gicas","cantidade":0.2377555872563},{"tipo":"Licenciatura em F\u00edsica","cantidade":0.33285782215882},{"tipo":"Licenciatura em Letras - Portugu\u00eas","cantidade":0.76081787922016},{"tipo":"Licenciatura em Matem\u00e1tica","cantidade":1.5691868758916},{"tipo":"Lingu\u00edstica","cantidade":2.8530670470756},{"tipo":"Lingu\u00edstica Aplicada","cantidade":0.99857346647646},{"tipo":"L\u00f3gica e Filosofia da Ci\u00eancia","cantidade":0.14265335235378},{"tipo":"Matem\u00e1tica","cantidade":2.7104136947218},{"tipo":"Matem\u00e1tica Aplicada","cantidade":1.3789824060865},{"tipo":"Matem\u00e1tica Aplicada e Computacional","cantidade":1.283880171184},{"tipo":"Matem\u00e1tica\/F\u00edsica\/Matem\u00e1tica Aplicada e Computacional","cantidade":0.33285782215882},{"tipo":"Materiais Dent\u00e1rios","cantidade":0.14265335235378},{"tipo":"Medicina","cantidade":0.52306229196386},{"tipo":"Mestrado em Artes","cantidade":0.28530670470756},{"tipo":"Mestrado Profissional em Qualidade","cantidade":0.09510223490252},{"tipo":"Multimeios","cantidade":0.4755111745126},{"tipo":"Multiunidades em Ensino de Ci\u00eancias e Matem\u00e1tica","cantidade":0.2377555872563},{"tipo":"M\u00fasica","cantidade":2.3300047551117},{"tipo":"Odontologia","cantidade":2.0922491678554},{"tipo":"Pedagogia","cantidade":0.28530670470756},{"tipo":"Pol\u00edtica Cient\u00edfica e Tecnol\u00f3gica","cantidade":0.14265335235378},{"tipo":"Qu\u00edmica","cantidade":1.0461245839277},{"tipo":"Radiologia Odontol\u00f3gica","cantidade":1.1887779362815},{"tipo":"Sa\u00fade Coletiva","cantidade":1.093675701379},{"tipo":"Sa\u00fade da Crian\u00e7a e do Adolescente","cantidade":0.90347123157394},{"tipo":"Sociologia","cantidade":0.42796005706134},{"tipo":"Tecnologia","cantidade":0.09510223490252},{"tipo":"Tecnologia de Alimentos","cantidade":1.5691868758916},{"tipo":"Teoria e Hist\u00f3ria Liter\u00e1ria","cantidade":1.3314312886353},{"tipo":"Tocoginecologia","cantidade":1.5691868758916}]