[{"tipo":"Administra\u00e7\u00e3o","cantidade":0.26534818103822},{"tipo":"Administra\u00e7\u00e3o P\u00fablica","cantidade":0.13798105413987},{"tipo":"Alimentos e Nutri\u00e7\u00e3o","cantidade":0.45020741382818},{"tipo":"Ambiente e Sociedade","cantidade":0.10702376635208},{"tipo":"Antropologia Social","cantidade":0.35556656259121},{"tipo":"\u00c1rea Interdisciplinar de Planejamento de Sistemas Energ\u00e9ticos","cantidade":0.36529599589595},{"tipo":"Arquitetura e Urbanismo","cantidade":0.58641948009446},{"tipo":"Arquitetura, Tecnologia e Cidade","cantidade":0.1335585844559},{"tipo":"Artes C\u00eanicas","cantidade":0.53158085601323},{"tipo":"Artes da Cena","cantidade":0.20697158120981},{"tipo":"Artes Visuais","cantidade":0.80046701279863},{"tipo":"Bioci\u00eancias e Tecnologia de Produtos Bioativos","cantidade":0.13709656020308},{"tipo":"Bioenergia","cantidade":0.042455708966115},{"tipo":"Biologia Animal","cantidade":0.46347482288009},{"tipo":"Biologia Buco-Dental","cantidade":0.44490045020741},{"tipo":"Biologia Celular e Estrutural","cantidade":0.82081037334489},{"tipo":"Biologia Funcional e Molecular","cantidade":0.88007146711009},{"tipo":"Biologia Vegetal","cantidade":0.67840684952105},{"tipo":"Ci\u00eancia da Computa\u00e7\u00e3o","cantidade":1.8008296553127},{"tipo":"Ci\u00eancia de Alimentos","cantidade":0.72351604029754},{"tipo":"Ci\u00eancia Pol\u00edtica","cantidade":0.4174811381668},{"tipo":"Ci\u00eancias Biol\u00f3gicas","cantidade":0.86061260050062},{"tipo":"Ci\u00eancias da Cirurgia","cantidade":0.80312049460901},{"tipo":"Ci\u00eancias da Nutri\u00e7\u00e3o e do Esporte e Metabolismo","cantidade":0.12736712689835},{"tipo":"Ci\u00eancias da Terra","cantidade":0.034495263534968},{"tipo":"Ci\u00eancias do Esporte","cantidade":0.35910453833839},{"tipo":"Ci\u00eancias e Engenharia de Petr\u00f3leo","cantidade":0.4015602473045},{"tipo":"Ci\u00eancias Econ\u00f4micas","cantidade":1.7238786828116},{"tipo":"Ci\u00eancias Farmac\u00eauticas","cantidade":0.0061914575575584},{"tipo":"Ci\u00eancias Humanas e Sociais Aplicadas","cantidade":0.042455708966115},{"tipo":"Ci\u00eancias M\u00e9dicas","cantidade":1.2170636570286},{"tipo":"Ci\u00eancias Sociais","cantidade":2.5535339955245},{"tipo":"Cl\u00ednica M\u00e9dica","cantidade":1.099425963435},{"tipo":"Cl\u00ednica Odontol\u00f3gica","cantidade":0.76950972501084},{"tipo":"Comunica\u00e7\u00e3o Social - Midialogia","cantidade":0.35556656259121},{"tipo":"Curso de M\u00fasica Composi\u00e7\u00e3o e Reg\u00eancia","cantidade":0.0026534818103822},{"tipo":"Curso de M\u00fasica Popular","cantidade":0.0053069636207644},{"tipo":"Curso Superior de Tecnologia da Constru\u00e7\u00e3o Civil","cantidade":0.71290211305601},{"tipo":"Curso Superior de Tecnologia da Constru\u00e7\u00e3o Civil - Edif\u00edcios","cantidade":0.045109190776497},{"tipo":"Curso Superior de Tecnologia da Constru\u00e7\u00e3o Civil - Obras de Solos","cantidade":0.049531660460468},{"tipo":"Curso Superior de Tecnologia em An\u00e1lise e Desenvolvimento de Sistemas","cantidade":1.3762725656516},{"tipo":"Curso Superior de Tecnologia em Constru\u00e7\u00e3o de Edif\u00edcios","cantidade":0.32284028692983},{"tipo":"Curso Superior de Tecnologia em Estradas","cantidade":0.10879275422567},{"tipo":"Curso Superior de Tecnologia em Saneamento Ambiental","cantidade":1.284285196225},{"tipo":"Curso Superior de Tecnologia em Sistemas de Telecomunica\u00e7\u00f5es","cantidade":0.3723719473903},{"tipo":"Curso Superior de Tecnologia Sanit\u00e1ria","cantidade":0.33699218991854},{"tipo":"Dan\u00e7a","cantidade":0.60764733457752},{"tipo":"Demografia","cantidade":0.28126907190051},{"tipo":"Desenvolvimento Econ\u00f4mico","cantidade":0.58288150434729},{"tipo":"Divulga\u00e7\u00e3o Cient\u00edfica e Cultural","cantidade":0.12648263296155},{"tipo":"Doutor.em Economia Social e do Trabalho","cantidade":0.0026534818103822},{"tipo":"Doutorado em Anatomia Patol\u00f3gica","cantidade":0.0017689878735881},{"tipo":"Doutorado em Artes","cantidade":0.13621206626629},{"tipo":"Doutorado em Hist\u00f3ria Econ\u00f4mica","cantidade":0.00088449393679406},{"tipo":"Doutorado em Odont. Legal e Deontologia","cantidade":0.0026534818103822},{"tipo":"Doutorado em Ortodontia","cantidade":0.041571215029321},{"tipo":"Doutorado em Sa\u00fade Mental","cantidade":0.0070759514943525},{"tipo":"Ecologia","cantidade":0.41571215029321},{"tipo":"Economia","cantidade":0.49797008641506},{"tipo":"Educa\u00e7\u00e3o","cantidade":2.5172697441159},{"tipo":"Educa\u00e7\u00e3o F\u00edsica","cantidade":2.6773631466756},{"tipo":"Enfermagem","cantidade":1.370081108094},{"tipo":"Engenharia Agr\u00edcola","cantidade":2.3111826568429},{"tipo":"Engenharia Ambiental","cantidade":0.19193518428431},{"tipo":"Engenharia Civil","cantidade":2.7074359405266},{"tipo":"Engenharia de Alimentos","cantidade":2.5172697441159},{"tipo":"Engenharia de Computa\u00e7\u00e3o","cantidade":1.3232029294439},{"tipo":"Engenharia de Controle e Automa\u00e7\u00e3o","cantidade":0.82081037334489},{"tipo":"Engenharia de Manufatura","cantidade":0.3723719473903},{"tipo":"Engenharia de Petr\u00f3leo","cantidade":0.013267409051911},{"tipo":"Engenharia de Produ\u00e7\u00e3o","cantidade":0.34760611716007},{"tipo":"Engenharia de Produ\u00e7\u00e3o e de Manufatura","cantidade":0.08048894824826},{"tipo":"Engenharia de Telecomunica\u00e7\u00f5es","cantidade":0.20608708727302},{"tipo":"Engenharia El\u00e9trica","cantidade":3.7962479767201},{"tipo":"Engenharia F\u00edsica","cantidade":0.073412996753907},{"tipo":"Engenharia Mec\u00e2nica","cantidade":3.2027525451313},{"tipo":"Engenharia Qu\u00edmica","cantidade":3.599005828815},{"tipo":"Ensino e Hist\u00f3ria de Ci\u00eancias da Terra","cantidade":0.2237769660089},{"tipo":"Estat\u00edstica","cantidade":1.198489284356},{"tipo":"Estomatopatologia","cantidade":0.17159182373805},{"tipo":"Estudos Liter\u00e1rios","cantidade":0.2830380597741},{"tipo":"Farm\u00e1cia","cantidade":0.48381818342635},{"tipo":"Farmacologia","cantidade":0.91368223670827},{"tipo":"Filosofia","cantidade":1.4815273441301},{"tipo":"F\u00edsica","cantidade":2.0608708727302},{"tipo":"Fisiopatologia M\u00e9dica","cantidade":0.57226757710576},{"tipo":"Fonoaudiologia","cantidade":0.42101911391397},{"tipo":"Gen\u00e9tica e Biologia Molecular","cantidade":0.96675187291591},{"tipo":"Geoci\u00eancias","cantidade":0.51035300153017},{"tipo":"Geografia","cantidade":1.6610796132993},{"tipo":"Geologia","cantidade":0.57226757710576},{"tipo":"Gerontologia","cantidade":0.26711716891181},{"tipo":"Gest\u00e3o de Com\u00e9rcio Internacional","cantidade":0.31930231118266},{"tipo":"Gest\u00e3o de Empresas","cantidade":0.32991623842419},{"tipo":"Gest\u00e3o de Pol\u00edticas P\u00fablicas","cantidade":0.30603490213075},{"tipo":"Gest\u00e3o do Agroneg\u00f3cio","cantidade":0.26534818103822},{"tipo":"Hist\u00f3ria","cantidade":1.8158660522382},{"tipo":"Licenciatura em Ci\u00eancias Biol\u00f3gicas","cantidade":0.79427555524107},{"tipo":"Licenciatura em F\u00edsica","cantidade":0.7305919917919},{"tipo":"Licenciatura em Letras - Portugu\u00eas","cantidade":1.4797583562565},{"tipo":"Licenciatura em Matem\u00e1tica","cantidade":0.95171547599041},{"tipo":"Licenciatura Integrada Qu\u00edmica\/F\u00edsica","cantidade":0.6253372133134},{"tipo":"Lingu\u00edstica","cantidade":1.700881840455},{"tipo":"Lingu\u00edstica Aplicada","cantidade":0.83230879452321},{"tipo":"L\u00f3gica e Filosofia da Ci\u00eancia","cantidade":0.024765830230234},{"tipo":"Matem\u00e1tica","cantidade":1.0746601332048},{"tipo":"Matem\u00e1tica Aplicada","cantidade":0.60853182851432},{"tipo":"Matem\u00e1tica Aplicada e Computacional","cantidade":0.67486887377387},{"tipo":"Matem\u00e1tica\/F\u00edsica\/Matem\u00e1tica Aplicada e Computacional","cantidade":0.36441150195915},{"tipo":"Materiais Dent\u00e1rios","cantidade":0.23439089325043},{"tipo":"Medicina","cantidade":1.5001017168027},{"tipo":"Mestr. em Economia Social e do Trabalho","cantidade":0.079604454311466},{"tipo":"Mestr. em Geoengenharia de Reservat\u00f3rios","cantidade":0.0026534818103822},{"tipo":"Mestrado em Anatomia Patol\u00f3gica","cantidade":0.0079604454311466},{"tipo":"Mestrado em Artes","cantidade":0.35468206865442},{"tipo":"Mestrado em Hist\u00f3ria Econ\u00f4mica","cantidade":0.060145587701996},{"tipo":"Mestrado em Odont. Legal e Deontologia","cantidade":0.078719960374672},{"tipo":"Mestrado em Ortodontia","cantidade":0.021227854483058},{"tipo":"Mestrado em Sa\u00fade Mental","cantidade":0.013267409051911},{"tipo":"Mestrado Profissional em Qualidade","cantidade":0.10525477847849},{"tipo":"Multimeios","cantidade":0.42986405328191},{"tipo":"Multiunidades em Ensino de Ci\u00eancias e Matem\u00e1tica","cantidade":0.16716935405408},{"tipo":"M\u00fasica","cantidade":1.675231516288},{"tipo":"Nutri\u00e7\u00e3o","cantidade":0.38387036856862},{"tipo":"Odontologia","cantidade":1.8662822066355},{"tipo":"Pedagogia","cantidade":2.6985910011587},{"tipo":"Pol\u00edtica Cient\u00edfica e Tecnol\u00f3gica","cantidade":0.47231976224803},{"tipo":"Programa de Forma\u00e7\u00e3o Interdisciplinar Superior - ProFIS","cantidade":0.12206016327758},{"tipo":"Qu\u00edmica","cantidade":3.0612335152443},{"tipo":"Qu\u00edmica Tecnol\u00f3gica","cantidade":0.64214259811249},{"tipo":"Radiologia Odontol\u00f3gica","cantidade":0.21935449632493},{"tipo":"Rela\u00e7\u00f5es Internacionais","cantidade":0.090218381552994},{"tipo":"Sa\u00fade Coletiva","cantidade":0.73412996753907},{"tipo":"Sa\u00fade da Crian\u00e7a e do Adolescente","cantidade":0.69521223432013},{"tipo":"Sa\u00fade, Interdisciplinaridade e Reabilita\u00e7\u00e3o","cantidade":0.12206016327758},{"tipo":"Sistemas de Informa\u00e7\u00e3o","cantidade":0.14328801776064},{"tipo":"Sociologia","cantidade":0.56076915592744},{"tipo":"Superior de Tecnologia Ambiental","cantidade":0.038917733218939},{"tipo":"Superior Tecnologia em Saneamento Ambiental","cantidade":0.093756357300171},{"tipo":"Tecnologia","cantidade":0.28126907190051},{"tipo":"Tecnologia de Alimentos","cantidade":0.67133089802669},{"tipo":"Teoria e Hist\u00f3ria Liter\u00e1ria","cantidade":0.8791869731733},{"tipo":"Tocoginecologia","cantidade":0.65452551322761}]